Workbook

Sheet APPLICANTS 2023
A1: Reg No | B1: NAME | C1: FATHER'S NAME | D1: DOB | E1: AGE | F1: I. NO | G1: INSTITUTION | H1: ADDRESS | I1: TOWN | J1: DISTRICT | K1: PINCODE | L1: EMAIL | M1: CONTACT No. P | N1: CONTACT No. M | O1: MEMORIZED JUZUS | P1: CATEGORY | Q1: JUZU SELECTION
A2: 3034 | B2: Mohamed Miyaz S.M.F | C2: Seyed Mohamed Firdous | D2: 40328 | E2: =("03-11-2023"-D2)/365.25 -> 13.429158 | F2: =VLOOKUP(G2,'MADRASA LIST'!A:J,9,FALSE) -> 64 | G2: Wisdom Public School | H2: Kayalpatnam | I2: Kayalpatnam | J2: Thoothukudi | K2: 628204 | L2: firdous77@gmail.com | M2: 9629923889 | N2: 6381493489 | O2: 30 | P2: 30
A3: 3055 | B3: Nabeel S | C3: Sulthan | D3: 40334 | E3: =("03-11-2023"-D3)/365.25 -> 13.412731 | F3: =VLOOKUP(G3,'MADRASA LIST'!A:J,9,FALSE) -> 63 | G3: SFTC Tutorial & Tution Centre | H3: Kayalpatnam | I3: Kayalpatnam | J3: Thoothukudi | K3: 628204 | M3: 8925164535 | N3: 9750374318 | O3: 30 | P3: 30
A4: 3021 | B4: Hameed Afnaan M M | C4: Mohammed Mohiddin | D4: 40335 | E4: =("03-11-2023"-D4)/365.25 -> 13.409993 | F4: =VLOOKUP(G4,'MADRASA LIST'!A:J,9,FALSE) -> 58 | G4: L.K.Higher Secondary School | H4: Kayalpatnam | I4: Kayalpatnam | J4: Thoothukudi | K4: 628204 | M4: 9486228661 | O4: 30 | P4: 30
A5: 3003 | B5: Abdul Kader Mufees P.M | C5: Peer Mohamed M.A | D5: 39858 | E5: =("03-11-2023"-D5)/365.25 -> 14.715948 | F5: =VLOOKUP(G5,'MADRASA LIST'!A:J,9,FALSE) -> 60 | G5: Madarasathul Azhar Li Thahfeezil Quranil Kareem | H5: Kayalpatnam | I5: Kayalpatnam | J5: Thoothukudi | K5: 628204 | M5: 7418811626 | O5: 30 | P5: 30
A6: 3009 | B6: Abdullah M.S.H | C6: Mohammed Seyed Hashan M.A.K | D6: 39592 | E6: =("03-11-2023"-D6)/365.25 -> 15.444216 | F6: =VLOOKUP(G6,'MADRASA LIST'!A:J,9,FALSE) -> 06 | G6: Measi Matriculation Hr Sec School | H6: 113, Angappan Street, Mannady | I6: Chennai | J6: Chennai | K6: 600001 | L6: info@measischool.edu.in | M6: 9952507935 | N6: 9941579786 | O6: 30 | P6: 30
A7: 3015 | B7: Ahamed Ibrahim R | C7: Rafeek MuhamedMusthafa | D7: 39793 | E7: =("03-11-2023"-D7)/365.25 -> 14.893908 | F7: =VLOOKUP(G7,'MADRASA LIST'!A:J,9,FALSE) -> 63 | G7: SFTC Tutorial & Tution Centre | H7: Kayalpatnam | I7: Kayalpatnam | J7: Thoothukudi | K7: 628204 | L7: aimmusthafa480@gmail.com | M7: 9994353480 | N7: 9750374318 | O7: 30 | P7: 30
A8: 1512 | B8: Ahamed Ikraam R | C8: Rafeek MuhamedMusthafa | D8: 40621 | E8: =("03-11-2023"-D8)/365.25 -> 12.626968 | F8: =VLOOKUP(G8,'MADRASA LIST'!A:J,9,FALSE) -> 63 | G8: SFTC Tutorial & Tution Centre | H8: Kayalpatnam | I8: Kayalpatnam | J8: Thoothukudi | K8: 628204 | L8: aimmusthafa480@gmail.com | M8: 9994353480 | N8: 9750374318 | P8: 15 | Q8: (26-30) `hkPk; (حم) Kjy; mk;k (عَمَّ) tiu> (1-10) myp/g; yhk; kPk; (آلم) Kjy; t/yK (وَٱعْلَمُواْ) tiu
A9: 506 | B9: Abdur Rahman A.R | C9: Abdul Raheem M.H | D9: 41604 | E9: =("03-11-2023"-D9)/365.25 -> 9.9356605 | F9: =VLOOKUP(G9,'MADRASA LIST'!A:J,9,FALSE) -> 59 | G9: L.K.Primary School | H9: Kayalpatnam | I9: Kayalpatnam | J9: Thoothukudi | K9: 628204 | M9: 9842372944 | O9: 11 | P9: 5 | Q9: (26-30) `hkPk; (حم) Kjy; mk;k (عَمَّ) tiu
A10: 512 | B10: Ahnaf T.A | C10: Thameem Ansari T | D10: 41112 | E10: =("03-11-2023"-D10)/365.25 -> 11.282683 | F10: =VLOOKUP(G10,'MADRASA LIST'!A:J,9,FALSE) -> 60 | G10: Madarasathul Azhar Li Thahfeezil Quranil Kareem | H10: Kayalpatnam | I10: Kayalpatnam | J10: Thoothukudi | K10: 628204 | M10: 9940905119 | O10: 12 | P10: 5 | Q10: (26-30) `hkPk; (حم) Kjy; mk;k (عَمَّ) tiu
A11: 517 | B11: Anas Abdullah M.A | C11: Mogudoom Alaudeen H.M.F | D11: 41236 | E11: =("03-11-2023"-D11)/365.25 -> 10.94319 | F11: =VLOOKUP(G11,'MADRASA LIST'!A:J,9,FALSE) -> 60 | G11: Madarasathul Azhar Li Thahfeezil Quranil Kareem | H11: Kayalpatnam | I11: Kayalpatnam | J11: Thoothukudi | K11: 628204 | M11: 8903115315 | O11: 15 | P11: 5 | Q11: (26-30) `hkPk; (حم) Kjy; mk;k (عَمَّ) tiu
A12: 1502 | B12: Abdul Muiz | C12: Seyed Muhyiddeen | D12: 40748 | E12: =("03-11-2023"-D12)/365.25 -> 12.279261 | F12: =VLOOKUP(G12,'MADRASA LIST'!A:J,9,FALSE) -> 60 | G12: Madarasathul Azhar Li Thahfeezil Quranil Kareem | H12: Kayalpatnam | I12: Kayalpatnam | J12: Thoothukudi | K12: 628204 | L12: seyedmohideen@gmail.com | M12: 7539976409 | O12: 16 | P12: 15 | Q12: (26-30) `hkPk; (حم) Kjy; mk;k (عَمَّ) tiu> (1-10) myp/g; yhk; kPk; (آلم) Kjy; t/yK (وَٱعْلَمُواْ) tiu
A13: 1506 | B13: Abdullah Mackie G.M | C13: Gani Muhammad M.A | D13: 40810 | E13: =("03-11-2023"-D13)/365.25 -> 12.109514 | F13: =VLOOKUP(G13,'MADRASA LIST'!A:J,9,FALSE) -> 60 | G13: Madarasathul Azhar Li Thahfeezil Quranil Kareem | H13: Kayalpatnam | I13: Kayalpatnam | J13: Thoothukudi | K13: 628204 | L13: gani3477@gmail.com | M13: 8122565545 | O13: 15 | P13: 15 | Q13: (26-30) `hkPk; (حم) Kjy; mk;k (عَمَّ) tiu> (1-10) myp/g; yhk; kPk; (آلم) Kjy; t/yK (وَٱعْلَمُواْ) tiu
A14: 503 | B14: Abdul Kaathir J.M | C14: Jamal Mohamed A.K | D14: 40995 | E14: =("03-11-2023"-D14)/365.25 -> 11.603012 | F14: =VLOOKUP(G14,'MADRASA LIST'!A:J,9,FALSE) -> 58 | G14: L.K.Higher Secondary School | H14: Kayalpatnam | I14: Kayalpatnam | J14: Thoothukudi | K14: 628204 | M14: 8015707756 | O14: 10 | P14: 5 | Q14: (26-30) `hkPk; (حم) Kjy; mk;k (عَمَّ) tiu
A15: 511 | B15: Ahmed Ibrahim S | C15: Sahul Hameed | D15: 40935 | E15: =("03-11-2023"-D15)/365.25 -> 11.767283 | F15: =VLOOKUP(G15,'MADRASA LIST'!A:J,9,FALSE) -> 58 | G15: L.K.Higher Secondary School | H15: Kayalpatnam | I15: Kayalpatnam | J15: Thoothukudi | K15: 628204 | L15: mkshameed7278@gmail.com | M15: 9944971627 | O15: 6 | P15: 5 | Q15: (26-30) `hkPk; (حم) Kjy; mk;k (عَمَّ) tiu
A16: 3041 | B16: Mohammed Hisham A | C16: Azmathullah A | D16: 39595 | E16: =("03-11-2023"-D16)/365.25 -> 15.436003 | F16: =VLOOKUP(G16,'MADRASA LIST'!A:J,9,FALSE) -> 70 | G16: Iqra Matric Hr Sec School | H16: Oomerabad | I16: Oomerabad | J16: Vellore | K16: 635808 | L16: abuhisham114@gmail.com | M16: 9952080380 | N16: 8148563200 | O16: 30 | P16: 30
A17: 3002 | B17: Abdul Hameed M | C17: Mohamed Yusuf | D17: 39884 | E17: =("03-11-2023"-D17)/365.25 -> 14.644764 | F17: =VLOOKUP(G17,'MADRASA LIST'!A:J,9,FALSE) -> 15 | G17: The New John Dewey Mat High School | H17: 65/29, Kasthuribai Street | I17: Panruti | J17: Cuddalore | K17: 607106 | M17: 7845275458 | O17: 30 | P17: 30
A18: 522 | B18: Haamidh M | C18: Mohamed Tavakkalbadusa | D18: 41788 | E18: =("03-11-2023"-D18)/365.25 -> 9.431896 | F18: =VLOOKUP(G18,'MADRASA LIST'!A:J,9,FALSE) -> 33 | G18: Bright Islamic School | H18: Vaniyar Street | I18: Karambakkudi | J18: Pudukottai | K18: 622302 | M18: 936033644,9943437338 | N18: 936033644,9943437338 | P18: 5 | Q18: (1-5) myp/g; yhk; kPk; (آلم) Kjy; ty;K`;]dhj;J (وَٱلْمُحْصَنَاتُ) tiu
A19: 1540 | B19: Nijardeen T | C19: Tajdeen | D19: 40571 | E19: =("03-11-2023"-D19)/365.25 -> 12.76386 | F19: =VLOOKUP(G19,'MADRASA LIST'!A:J,9,FALSE) -> 33 | G19: Bright Islamic School | H19: Vaniyar Street | I19: Karambakkudi | J19: Pudukottai | K19: 622302 | M19: 936033644,9943437338 | N19: 936033644,9943437338 | O19: 20 | P19: 15 | Q19: (1-15) myp/g; yhk; kPk; (آلم) Kjy; ]{g;`hdy;yjP (سُبْحَانَ ٱلَّذِى) tiu
A20: 1516 | B20: Amanullah Hubaib I | C20: Imdadullah A | D20: 42249 | E20: =("03-11-2023"-D20)/365.25 -> 8.1697467 | F20: =VLOOKUP(G20,'MADRASA LIST'!A:J,9,FALSE) -> 57 | G20: Al Makthabathul Magudhoomiyya | H20: Kayalpatnam | I20: Kayalpatnam | J20: Thoothukudi | K20: 628204 | L20: hunaifimdad@gmail.com | M20: 9414072740 | N20: 9842891960 | O20: 30 | P20: 15 | Q20: (1-15) myp/g; yhk; kPk; (آلم) Kjy; ]{g;`hdy;yjP (سُبْحَانَ ٱلَّذِى) tiu
A21: 564 | B21: Zaahid Buhary | C21: Mohamed Ziyad | D21: 41204 | E21: =("03-11-2023"-D21)/365.25 -> 11.030801 | F21: =VLOOKUP(G21,'MADRASA LIST'!A:J,9,FALSE) -> 64 | G21: Wisdom Public School | H21: Kayalpatnam | I21: Kayalpatnam | J21: Thoothukudi | K21: 628204 | L21: armz84.mohamed@gmail.com | M21: 8056177486 | N21: 6381493489 | O21: 11 | P21: 5 | Q21: (26-30) `hkPk; (حم) Kjy; mk;k (عَمَّ) tiu
A22: 1509 | B22: Abdur Razzaq M | C22: Mujeeb Rahuman M | D22: 41740 | E22: =("03-11-2023"-D22)/365.25 -> 9.5633128 | F22: =VLOOKUP(G22,'MADRASA LIST'!A:J,9,FALSE) -> 28 | G22: Limra Nursery & Primary School | H22: 1020, Villapuram Housing Board | I22: Madurai | J22: Madurai | K22: 625011 | M22: 9790078677 | N22: 8526666344, 9677770854 | O22: 15 | P22: 15 | Q22: (26-30) `hkPk; (حم) Kjy; mk;k (عَمَّ) tiu> (1-10) myp/g; yhk; kPk; (آلم) Kjy; t/yK (وَٱعْلَمُواْ) tiu
A23: 523 | B23: Hassaan S | C23: Sheik Ismail Sathath | D23: 41701 | E23: =("03-11-2023"-D23)/365.25 -> 9.670089 | F23: =VLOOKUP(G23,'MADRASA LIST'!A:J,9,FALSE) -> 28 | G23: Limra Nursery & Primary School | H23: 1020, Villapuram Housing Board | I23: Madurai | J23: Madurai | K23: 625011 | M23: 9865024336 | N23: 8526666344, 9677770854 | O23: 6 | P23: 5 | Q23: (1-5) myp/g; yhk; kPk; (آلم) Kjy; ty;K`;]dhj;J (وَٱلْمُحْصَنَاتُ) tiu
A24: 514 | B24: Ameen M | C24: Mujipur Rahman S | D24: 41447 | E24: =("03-11-2023"-D24)/365.25 -> 10.365503 | F24: =VLOOKUP(G24,'MADRASA LIST'!A:J,9,FALSE) -> 28 | G24: Limra Nursery & Primary School | H24: 1020, Villapuram Housing Board | I24: Madurai | J24: Madurai | K24: 625011 | M24: 9976146128 | N24: 8526666344, 9677770854 | O24: 6 | P24: 5 | Q24: (1-5) myp/g; yhk; kPk; (آلم) Kjy; ty;K`;]dhj;J (وَٱلْمُحْصَنَاتُ) tiu
A25: 504 | B25: Abdullah A | C25: Abdul Nazer V.M | D25: 41198 | E25: =("03-11-2023"-D25)/365.25 -> 11.047228 | F25: =VLOOKUP(G25,'MADRASA LIST'!A:J,9,FALSE) -> 29 | G25: Gift Islamic Academy | H25: Behind SM Oil Company | I25: Gudalur | J25: Nilgris | K25: 643212 | M25: 9443523428 | N25: 04262262727,9443523428 | O25: 29 | P25: 5 | Q25: (1-5) myp/g; yhk; kPk; (آلم) Kjy; ty;K`;]dhj;J (وَٱلْمُحْصَنَاتُ) tiu
A26: 539 | B26: Mohammed Hashfaq A | C26: Abdul Kabeer T.P | D26: 41577 | E26: =("03-11-2023"-D26)/365.25 -> 10.009582 | F26: =VLOOKUP(G26,'MADRASA LIST'!A:J,9,FALSE) -> 29 | G26: Gift Islamic Academy | H26: Behind SM Oil Company | I26: Gudalur | J26: Nilgris | K26: 643212 | M26: 9095026654 | N26: 04262262727,9443523428 | O26: 11 | P26: 5 | Q26: (1-5) myp/g; yhk; kPk; (آلم) Kjy; ty;K`;]dhj;J (وَٱلْمُحْصَنَاتُ) tiu
A27: 1508 | B27: Abdur Rahman A | C27: Abdul Nazer V.M | D27: 40608 | E27: =("03-11-2023"-D27)/365.25 -> 12.66256 | F27: =VLOOKUP(G27,'MADRASA LIST'!A:J,9,FALSE) -> 29 | G27: Gift Islamic Academy | H27: Behind SM Oil Company | I27: Gudalur | J27: Nilgris | K27: 643212 | M27: 9443523428 | N27: 04262262727,9443523428 | O27: 24 | P27: 15 | Q27: (1-15) myp/g; yhk; kPk; (آلم) Kjy; ]{g;`hdy;yjP (سُبْحَانَ ٱلَّذِى) tiu
A28: 3038 | B28: Mohamed Shehin S | C28: Saidalavi | D28: 40593 | E28: =("03-11-2023"-D28)/365.25 -> 12.703628 | F28: =VLOOKUP(G28,'MADRASA LIST'!A:J,9,FALSE) -> 29 | G28: Gift Islamic Academy | H28: Behind SM Oil Company | I28: Gudalur | J28: Nilgris | K28: 643212 | M28: 9442324231 | N28: 04262262727,9443523428 | O28: 30 | P28: 30
A29: 3064 | B29: Syed Hasan S.S | C29: Syed Sajjath H | D29: 40554 | E29: =("03-11-2023"-D29)/365.25 -> 12.810404 | F29: =VLOOKUP(G29,'MADRASA LIST'!A:J,9,FALSE) -> 29 | G29: Gift Islamic Academy | H29: Behind SM Oil Company | I29: Gudalur | J29: Nilgris | K29: 643212 | M29: 9443898140 | N29: 04262262727,9443523428 | O29: 30 | P29: 30
A30: 530 | B30: Mohamed Nuhman S | C30: Samsul Aalam Usmani V.S.M | D30: 41087 | E30: =("03-11-2023"-D30)/365.25 -> 11.351129 | F30: =VLOOKUP(G30,'MADRASA LIST'!A:J,9,FALSE) -> 53 | G30: Madhrasathul Ansar Hifl Madrasa | H30: Gandhi Nagar, Kumili Road | I30: Cumbum | J30: Theni | K30: 625516 | M30: 9655846327 | N30: 7373732829 | O30: 11 | P30: 5 | Q30: (26-30) `hkPk; (حم) Kjy; mk;k (عَمَّ) tiu
A31: 1534 | B31: Muhamed Farhan | C31: Samsudeen | D31: 40653 | E31: =("03-11-2023"-D31)/365.25 -> 12.539357 | F31: =VLOOKUP(G31,'MADRASA LIST'!A:J,9,FALSE) -> 29 | G31: Gift Islamic Academy | H31: Behind SM Oil Company | I31: Gudalur | J31: Nilgris | K31: 643212 | M31: 9443523428 | N31: 04262262727,9443523428 | O31: 20 | P31: 15 | Q31: (1-15) myp/g; yhk; kPk; (آلم) Kjy; ]{g;`hdy;yjP (سُبْحَانَ ٱلَّذِى) tiu
A32: 3006 | B32: Abdulla A.A.C | C32: Ahamed Abdul Cader S.A | D32: 39745 | E32: =("03-11-2023"-D32)/365.25 -> 15.025325 | F32: =VLOOKUP(G32,'MADRASA LIST'!A:J,9,FALSE) -> 64 | G32: Wisdom Public School | H32: Kayalpatnam | I32: Kayalpatnam | J32: Thoothukudi | K32: 628204 | M32: 9894163620 | O32: 30 | P32: 30
A33: 501 | B33: Aaris Mubarak S.A.K | C33: Shaik Abdul Kader M.S.M | D33: 40936 | E33: =("03-11-2023"-D33)/365.25 -> 11.764545 | F33: =VLOOKUP(G33,'MADRASA LIST'!A:J,9,FALSE) -> 64 | G33: Wisdom Public School | H33: Kayalpatnam | I33: Kayalpatnam | J33: Thoothukudi | K33: 628204 | M33: 8754641114 | O33: 5 | P33: 5 | Q33: (26-30) `hkPk; (حم) Kjy; mk;k (عَمَّ) tiu
A34: 3013 | B34: Afkar U.L | C34: Uvaisna Lebbau | D34: 40116 | E34: =("03-11-2023"-D34)/365.25 -> 14.009582 | F34: =VLOOKUP(G34,'MADRASA LIST'!A:J,9,FALSE) -> 60 | G34: Madarasathul Azhar Li Thahfeezil Quranil Kareem | H34: Kayalpatnam | I34: Kayalpatnam | J34: Thoothukudi | K34: 628204 | M34: 9087243222 | O34: 30 | P34: 30
A35: 545 | B35: Mohammed Ummar | C35: Mohammed Akram | D35: 41198 | E35: =("03-11-2023"-D35)/365.25 -> 11.047228 | F35: =VLOOKUP(G35,'MADRASA LIST'!A:J,9,FALSE) -> 67 | G35: Darul Uloom Ahmedi | H35: S.F.No 75/2 C1, Shalimar Tanning Company, Gate No:2, MC Road, Solur | I35: Ambur | J35: Tirupattur | K35: 635814 | M35: 9092637703,9566654598 | N35: 8248752635 | O35: 5 | P35: 5 | Q35: (26-30) `hkPk; (حم) Kjy; mk;k (عَمَّ) tiu
A36: 1541 | B36: Sofi | C36: Mohamed | D36: 39941 | E36: =("03-11-2023"-D36)/365.25 -> 14.488706 | F36: =VLOOKUP(G36,'MADRASA LIST'!A:J,9,FALSE) -> 72 | G36: Madrasa E Imdadiya For The Blind | H36: 540, Anna Salai | I36: Melvisharam | J36: Vellore | K36: 632509 | L36: imdadiya.wes@gmail.com | M36: 9952120340 | N36: 9952120340 | P36: 15 | Q36: (26-30) `hkPk; (حم) Kjy; mk;k (عَمَّ) tiu> (1-10) myp/g; yhk; kPk; (آلم) Kjy; t/yK (وَٱعْلَمُواْ) tiu
A37: 1532 | B37: Mohammed Umaer P | C37: Nasir Ahmed P | D37: 41763 | E37: =("03-11-2023"-D37)/365.25 -> 9.5003422 | F37: =VLOOKUP(G37,'MADRASA LIST'!A:J,9,FALSE) -> 72 | G37: Madrasa E Imdadiya For The Blind | H37: 540, Anna Salai | I37: Melvisharam | J37: Vellore | K37: 632509 | L37: imdadiya.wes@gmail.com | M37: 9952120340 | N37: 9952120340 | P37: 15 | Q37: (26-30) `hkPk; (حم) Kjy; mk;k (عَمَّ) tiu> (1-10) myp/g; yhk; kPk; (آلم) Kjy; t/yK (وَٱعْلَمُواْ) tiu
A38: 3020 | B38: Dasthageer K.M | C38: Ismail K.M | D38: 39905 | E38: =("03-11-2023"-D38)/365.25 -> 14.587269 | F38: =VLOOKUP(G38,'MADRASA LIST'!A:J,9,FALSE) -> 72 | G38: Madrasa E Imdadiya For The Blind | H38: 540, Anna Salai | I38: Melvisharam | J38: Vellore | K38: 632509 | L38: imdadiya.wes@gmail.com | M38: 9952120340 | N38: 9952120340 | O38: 30 | P38: 30
A39: 3063 | B39: Syed Abrarul Haq | C39: Athaullah | D39: 39607 | E39: =("03-11-2023"-D39)/365.25 -> 15.403149 | F39: =VLOOKUP(G39,'MADRASA LIST'!A:J,9,FALSE) -> 72 | G39: Madrasa E Imdadiya For The Blind | H39: 540, Anna Salai | I39: Melvisharam | J39: Vellore | K39: 632509 | L39: imdadiya.wes@gmail.com | M39: 9952120340 | N39: 9952120340 | O39: 30 | P39: 30
A40: 543 | B40: Mohammed Omer Hassan K.R | C40: Nazim Hussain K.R | D40: 41031 | E40: =("03-11-2023"-D40)/365.25 -> 11.504449 | F40: =VLOOKUP(G40,'MADRASA LIST'!A:J,9,FALSE) -> 72 | G40: Madrasa E Imdadiya For The Blind | H40: 540, Anna Salai | I40: Melvisharam | J40: Vellore | K40: 632509 | L40: imdadiya.wes@gmail.com | M40: 9952120340 | N40: 9952120340 | P40: 5 | Q40: (26-30) `hkPk; (حم) Kjy; mk;k (عَمَّ) tiu
A41: 541 | B41: Mohammed Ismail Ghufraan | C41: Mohammed Osman | D41: 41122 | E41: =("03-11-2023"-D41)/365.25 -> 11.255305 | F41: =VLOOKUP(G41,'MADRASA LIST'!A:J,9,FALSE) -> 72 | G41: Madrasa E Imdadiya For The Blind | H41: 540, Anna Salai | I41: Melvisharam | J41: Vellore | K41: 632509 | L41: imdadiya.wes@gmail.com | M41: 9952120340 | N41: 9952120340 | P41: 5 | Q41: (26-30) `hkPk; (حم) Kjy; mk;k (عَمَّ) tiu
A42: 516 | B42: Ammar Ali A | C42: Abid Ali M.M | D42: 41052 | E42: =("03-11-2023"-D42)/365.25 -> 11.446954 | F42: =VLOOKUP(G42,'MADRASA LIST'!A:J,9,FALSE) -> 07 | G42: Sana Model School | H42: 4/122,Goparasanallur,Kattupakkam | I42: Chennai | J42: Chennai | K42: 600056 | M42: 8939769165 | N42: 9941786891 | O42: 17 | P42: 5 | Q42: (1-5) myp/g; yhk; kPk; (آلم) Kjy; ty;K`;]dhj;J (وَٱلْمُحْصَنَاتُ) tiu
A43: 3040 | B43: Mohammed Ashfaq A | C43: Abid Ali M.M | D43: 39342 | E43: =("03-11-2023"-D43)/365.25 -> 16.128679 | F43: =VLOOKUP(G43,'MADRASA LIST'!A:J,9,FALSE) -> 07 | G43: Sana Model School | H43: 4/122,Goparasanallur,Kattupakkam | I43: Chennai | J43: Chennai | K43: 600056 | M43: 8939769165 | N43: 9941786891 | O43: 30 | P43: 30
A44: 3066 | B44: Waseem Meeran S | C44: Syed Jawahar Sadiq | D44: 39203 | E44: =("03-11-2023"-D44)/365.25 -> 16.50924 | F44: =VLOOKUP(G44,'MADRASA LIST'!A:J,9,FALSE) -> 07 | G44: Sana Model School | H44: 4/122,Goparasanallur,Kattupakkam | I44: Chennai | J44: Chennai | K44: 600056 | M44: 9884004666 | N44: 9941786891 | O44: 30 | P44: 30
A45: 3007 | B45: Abdullah A.R | C45: Abdul Rahim M.H | D45: 40337 | E45: =("03-11-2023"-D45)/365.25 -> 13.404517 | F45: =VLOOKUP(G45,'MADRASA LIST'!A:J,9,FALSE) -> 57 | G45: Al Makthabathul Magudhoomiyya | H45: Kayalpatnam | I45: Kayalpatnam | J45: Thoothukudi | K45: 628204 | M45: 9842344524 | N45: 9944183615 | O45: 30 | P45: 30
A46: 3061 | B46: Seyed Omer A | C46: Abdullah S.O | D46: 39368 | E46: =("03-11-2023"-D46)/365.25 -> 16.057495 | F46: =VLOOKUP(G46,'MADRASA LIST'!A:J,9,FALSE) -> 57 | G46: Al Makthabathul Magudhoomiyya | H46: Kayalpatnam | I46: Kayalpatnam | J46: Thoothukudi | K46: 628204 | M46: 9994438339 | N46: 9944183615 | O46: 30 | P46: 30
A47: 548 | B47: Muaadh Abbas | C47: Riyaz Ahamed | D47: 41892 | E47: =("03-11-2023"-D47)/365.25 -> 9.1471595 | F47: =VLOOKUP(G47,'MADRASA LIST'!A:J,9,FALSE) -> 08 | G47: Sana Nursery & Primary School | H47: 6, Varadarajulu Street (Near Dasaprakash Hotel), Egmore | I47: Chennai | J47: Chennai | K47: 600008 | L47: sriyaza@gmail.com | M47: 8056100053 | N47: 8610034441 | O47: 5 | P47: 5 | Q47: (26-30) `hkPk; (حم) Kjy; mk;k (عَمَّ) tiu
A48: 555 | B48: Rayyaan H | C48: Haja Mohaitheen | D48: 40908 | E48: =("03-11-2023"-D48)/365.25 -> 11.841205 | F48: =VLOOKUP(G48,'MADRASA LIST'!A:J,9,FALSE) -> 56 | G48: Al Mahir Quran Memorizing School | H48: 81A1/A2, Thenga Pandaga Salai | I48: Kayalpatnam | J48: Thoothukudi | K48: 628204 | M48: 9629184872 | N48: 9087676379, 9385671404 | O48: 6 | P48: 5 | Q48: (26-30) `hkPk; (حم) Kjy; mk;k (عَمَّ) tiu
A49: 554 | B49: Noorul Thaha Y | C49: Yusuf | D49: 40888 | E49: =("03-11-2023"-D49)/365.25 -> 11.895962 | F49: =VLOOKUP(G49,'MADRASA LIST'!A:J,9,FALSE) -> 56 | G49: Al Mahir Quran Memorizing School | H49: 81A1/A2, Thenga Pandaga Salai | I49: Kayalpatnam | J49: Thoothukudi | K49: 628204 | M49: 9994258361 | N49: 9087676379, 9385671404 | O49: 6 | P49: 5 | Q49: (26-30) `hkPk; (حم) Kjy; mk;k (عَمَّ) tiu
A50: 1511 | B50: Abul Fida Abdul Rahman | C50: Salma Fariz M.J | D50: 40490 | E50: =("03-11-2023"-D50)/365.25 -> 12.985626 | F50: =VLOOKUP(G50,'MADRASA LIST'!A:J,9,FALSE) -> 56 | G50: Al Mahir Quran Memorizing School | H50: 81A1/A2, Thenga Pandaga Salai | I50: Kayalpatnam | J50: Thoothukudi | K50: 628204 | M50: 7540011778 | N50: 9087676379, 9385671404 | P50: 15 | Q50: (26-30) `hkPk; (حم) Kjy; mk;k (عَمَّ) tiu> (1-10) myp/g; yhk; kPk; (آلم) Kjy; t/yK (وَٱعْلَمُواْ) tiu
A51: 1543 | B51: Suhail A | C51: Abdullah | D51: 40874 | E51: =("03-11-2023"-D51)/365.25 -> 11.934292 | F51: =VLOOKUP(G51,'MADRASA LIST'!A:J,9,FALSE) -> 56 | G51: Al Mahir Quran Memorizing School | H51: 81A1/A2, Thenga Pandaga Salai | I51: Kayalpatnam | J51: Thoothukudi | K51: 628204 | M51: 9025114088 | N51: 9087676379, 9385671404 | O51: 15 | P51: 15 | Q51: (26-30) `hkPk; (حم) Kjy; mk;k (عَمَّ) tiu> (1-10) myp/g; yhk; kPk; (آلم) Kjy; t/yK (وَٱعْلَمُواْ) tiu
A52: 3035 | B52: Mohamed Muwaffiq S.N.M | C52: Sathak Naina Mohamed | D52: 39629 | E52: =("03-11-2023"-D52)/365.25 -> 15.342916 | F52: =VLOOKUP(G52,'MADRASA LIST'!A:J,9,FALSE) -> 56 | G52: Al Mahir Quran Memorizing School | H52: 81A1/A2, Thenga Pandaga Salai | I52: Kayalpatnam | J52: Thoothukudi | K52: 628204 | M52: 7904568700 | N52: 9087676379, 9385671404 | O52: 30 | P52: 30
A53: 3027 | B53: Mohamed Aslam R | C53: Raja Mohamed | D53: 39897 | E53: =("03-11-2023"-D53)/365.25 -> 14.609172 | F53: =VLOOKUP(G53,'MADRASA LIST'!A:J,9,FALSE) -> 56 | G53: Al Mahir Quran Memorizing School | H53: 81A1/A2, Thenga Pandaga Salai | I53: Kayalpatnam | J53: Thoothukudi | K53: 628204 | M53: 8838705031 | N53: 9087676379, 9385671404 | O53: 30 | P53: 30
A54: 3037 | B54: Mohamed Shafeeq K.M | C54: Mohamed Yusuf | D54: 39040 | E54: =("03-11-2023"-D54)/365.25 -> 16.95551 | F54: =VLOOKUP(G54,'MADRASA LIST'!A:J,9,FALSE) -> 31 | G54: Jamiathul Hiqma Arabic College | H54: Kaduvanur | I54: Bahour Commune | J54: Puducherry | K54: 607402 | L54: faizurnoorain@gmail.com | M54: 7871954414 | N54: 04132223251,8056678315 | O54: 30 | P54: 30
A55: 536 | B55: Mohammed Ali R | C55: Raja Hussain | D55: 40996 | E55: =("03-11-2023"-D55)/365.25 -> 11.600274 | F55: =VLOOKUP(G55,'MADRASA LIST'!A:J,9,FALSE) -> 27 | G55: Jannathul Firdowse Hifl Madrasa | H55: 8th street,Gomathipuram | I55: Madurai | J55: Madurai | K55: 625020 | M55: 8870199953 | N55: 8015335562 | O55: 7 | P55: 5 | Q55: (26-30) `hkPk; (حم) Kjy; mk;k (عَمَّ) tiu
A56: 527 | B56: Mohamed Ibrahim T.S.M | C56: Mohamed Eassa T.A.S | D56: 41067 | E56: =("03-11-2023"-D56)/365.25 -> 11.405886 | F56: =VLOOKUP(G56,'MADRASA LIST'!A:J,9,FALSE) -> 27 | G56: Jannathul Firdowse Hifl Madrasa | H56: 8th street,Gomathipuram | I56: Madurai | J56: Madurai | K56: 625020 | M56: 9442034002 | N56: 8015335562 | O56: 9 | P56: 5 | Q56: (26-30) `hkPk; (حم) Kjy; mk;k (عَمَّ) tiu
A57: 1531 | B57: Mohammed Suhail S | C57: Seyadhu Oli | D57: 40710 | E57: =("03-11-2023"-D57)/365.25 -> 12.383299 | F57: =VLOOKUP(G57,'MADRASA LIST'!A:J,9,FALSE) -> 27 | G57: Jannathul Firdowse Hifl Madrasa | H57: 8th street,Gomathipuram | I57: Madurai | J57: Madurai | K57: 625020 | M57: 8870430492 | N57: 8015335562 | O57: 17 | P57: 15 | Q57: (26-30) `hkPk; (حم) Kjy; mk;k (عَمَّ) tiu> (1-10) myp/g; yhk; kPk; (آلم) Kjy; t/yK (وَٱعْلَمُواْ) tiu
A58: 3011 | B58: Abul Afeef H.A.K | C58: Hasan Abdul Kader | D58: 39394 | E58: =("03-11-2023"-D58)/365.25 -> 15.986311 | F58: =VLOOKUP(G58,'MADRASA LIST'!A:J,9,FALSE) -> 61 | G58: Madhrasa Dhawathul Huda | H58: 129-A, Kulathankarai Street | I58: North Authoor | J58: Thoothukudi | K58: 628151 | M58: 9843417098 | N58: 9843417098 | O58: 30 | P58: 30
A59: 3017 | B59: Alaudeen Affan H.A.K | C59: Hasan Abdul Kader | D59: 39394 | E59: =("03-11-2023"-D59)/365.25 -> 15.986311 | F59: =VLOOKUP(G59,'MADRASA LIST'!A:J,9,FALSE) -> 61 | G59: Madhrasa Dhawathul Huda | H59: 129-A, Kulathankarai Street | I59: North Authoor | J59: Thoothukudi | K59: 628151 | M59: 9843417098 | N59: 9843417098 | O59: 30 | P59: 30
A60: 518 | B60: Anas Z | C60: Ziyavur Rahman Baqavi M | D60: 41934 | E60: =("03-11-2023"-D60)/365.25 -> 9.0321697 | F60: =VLOOKUP(G60,'MADRASA LIST'!A:J,9,FALSE) -> 54 | G60: Straight Way Nursery & Primary School | H60: 33-A, Pulavar Street | I60: Cumbum | J60: Theni | K60: 625516 | L60: straightwaykidsschool@gmail.com | M60: 8056580454 | N60: 9894742228,8056580454,8973363819 | O60: 7 | P60: 5 | Q60: (1-5) myp/g; yhk; kPk; (آلم) Kjy; ty;K`;]dhj;J (وَٱلْمُحْصَنَاتُ) tiu
A61: 3067 | B61: Yusuf Sahl K.F | C61: Farook Ali K.M | D61: 40442 | E61: =("03-11-2023"-D61)/365.25 -> 13.117043 | F61: =VLOOKUP(G61,'MADRASA LIST'!A:J,9,FALSE) -> 09 | G61: Sana Smart Matriculation School | H61: 13/13B, Perambur High Road, 1st Street, Jamalia | I61: Chennai | J61: Chennai | K61: 600012 | L61: adminjamalia@sanamodelschool.com | M61: 9003894677 | N61: 9941786891 | O61: 30 | P61: 30
A62: 558 | B62: Sheik Thariq M | C62: Majith J | D62: 41011 | E62: =("03-11-2023"-D62)/365.25 -> 11.559206 | F62: =VLOOKUP(G62,'MADRASA LIST'!A:J,9,FALSE) -> 20 | G62: Al Jamiathul Firdousiya Arabic College | H62: Parakai Road, Kottar | I62: Nagercoil | J62: Kanyakumari | K62: 629002 | M62: 9677316355,9791393788 | N62: 9486215365,9629587691 | O62: 10 | P62: 5 | Q62: (26-30) `hkPk; (حم) Kjy; mk;k (عَمَّ) tiu
A63: 507 | B63: Abdur Rahman N | C63: Nizar Hussain A | D63: 41291 | E63: =("03-11-2023"-D63)/365.25 -> 10.792608 | F63: =VLOOKUP(G63,'MADRASA LIST'!A:J,9,FALSE) -> 20 | G63: Al Jamiathul Firdousiya Arabic College | H63: Parakai Road, Kottar | I63: Nagercoil | J63: Kanyakumari | K63: 629002 | M63: 9994290243 | N63: 9486215365,9629587691 | O63: 20 | P63: 5 | Q63: (26-30) `hkPk; (حم) Kjy; mk;k (عَمَّ) tiu
A64: 1517 | B64: Arfaan S | C64: Sheik Mohamed S | D64: 40679 | E64: =("03-11-2023"-D64)/365.25 -> 12.468172 | F64: =VLOOKUP(G64,'MADRASA LIST'!A:J,9,FALSE) -> 20 | G64: Al Jamiathul Firdousiya Arabic College | H64: Parakai Road, Kottar | I64: Nagercoil | J64: Kanyakumari | K64: 629002 | M64: 9789193554,9944008582 | N64: 9486215365,9629587691 | O64: 18 | P64: 15 | Q64: (26-30) `hkPk; (حم) Kjy; mk;k (عَمَّ) tiu> (1-10) myp/g; yhk; kPk; (آلم) Kjy; t/yK (وَٱعْلَمُواْ) tiu
A65: 553 | B65: Muslim S | C65: Syed Sulaiman A | D65: 41118 | E65: =("03-11-2023"-D65)/365.25 -> 11.266256 | F65: =VLOOKUP(G65,'MADRASA LIST'!A:J,9,FALSE) -> 44 | G65: Madhrasathul Muslimeen Quran Memorizing School (JAQH) | H65: 178A, SPK Street | I65: Tenkasi | J65: Tenkasi | K65: 627811 | L65: masha2fir@gmail.com | M65: 9894435445 | N65: 9894435445,9626382560 | P65: 5 | Q65: (26-30) `hkPk; (حم) Kjy; mk;k (عَمَّ) tiu
A66: 509 | B66: Adeeb | C66: Kamalutheen | D66: 40934 | E66: =("03-11-2023"-D66)/365.25 -> 11.770021 | F66: =VLOOKUP(G66,'MADRASA LIST'!A:J,9,FALSE) -> 44 | G66: Madhrasathul Muslimeen Quran Memorizing School (JAQH) | H66: 178A, SPK Street | I66: Tenkasi | J66: Tenkasi | K66: 627811 | L66: kamaalksr@gmail.com | M66: 8668076820 | N66: 9894435445,9626382560 | P66: 5 | Q66: (26-30) `hkPk; (حم) Kjy; mk;k (عَمَّ) tiu
A67: 547 | B67: Mohammed Zakariya | C67: Mohammed Jaleelur Rahman | D67: 40890 | E67: =("03-11-2023"-D67)/365.25 -> 11.890486 | F67: =VLOOKUP(G67,'MADRASA LIST'!A:J,9,FALSE) -> 10 | G67: Unity Public School | H67: 109,Lake View Road, Kottur | I67: Chennai | J67: Chennai | K67: 600085 | M67: 9710414340 | N67: 8807248712,04424451244/33 | O67: 16 | P67: 5 | Q67: (26-30) `hkPk; (حم) Kjy; mk;k (عَمَّ) tiu
A68: 549 | B68: Muhammad Fawaaz M | C68: Mohamed Abdul Hakeem | D68: 41396 | E68: =("03-11-2023"-D68)/365.25 -> 10.505133 | F68: =VLOOKUP(G68,'MADRASA LIST'!A:J,9,FALSE) -> 10 | G68: Unity Public School | H68: 109,Lake View Road, Kottur | I68: Chennai | J68: Chennai | K68: 600085 | M68: 9962977533 | N68: 8807248712,04424451244/33 | O68: 15 | P68: 5 | Q68: (26-30) `hkPk; (حم) Kjy; mk;k (عَمَّ) tiu
A69: 1515 | B69: Ahsan | C69: Mustaq Ali | D69: 40896 | E69: =("03-11-2023"-D69)/365.25 -> 11.874059 | F69: =VLOOKUP(G69,'MADRASA LIST'!A:J,9,FALSE) -> 10 | G69: Unity Public School | H69: 109,Lake View Road, Kottur | I69: Chennai | J69: Chennai | K69: 600085 | M69: 9841117585 | N69: 8807248712,04424451244/33 | O69: 30 | P69: 15 | Q69: (16-30) fhy myk; (قَالَ أَلَمْ) Kjy; mk;k (عَمَّ) tiu
A70: 1542 | B70: Sufyan Bin Shamsuddeen | C70: Shamsuddeen | D70: 40842 | E70: =("03-11-2023"-D70)/365.25 -> 12.021903 | F70: =VLOOKUP(G70,'MADRASA LIST'!A:J,9,FALSE) -> 10 | G70: Unity Public School | H70: 109,Lake View Road, Kottur | I70: Chennai | J70: Chennai | K70: 600085 | M70: 9840044287 | N70: 8807248712,04424451244/33 | O70: 30 | P70: 15 | Q70: (16-30) fhy myk; (قَالَ أَلَمْ) Kjy; mk;k (عَمَّ) tiu
A71: 3059 | B71: Safwan Samsudeen | C71: Sirajudeen Samsudeen | D71: 39414 | E71: =("03-11-2023"-D71)/365.25 -> 15.931554 | F71: =VLOOKUP(G71,'MADRASA LIST'!A:J,9,FALSE) -> 10 | G71: Unity Public School | H71: 109,Lake View Road, Kottur | I71: Chennai | J71: Chennai | K71: 600085 | M71: 9003251320 | N71: 8807248712,04424451244/33 | O71: 30 | P71: 30
A72: 3052 | B72: Muhammed Farooq M | C72: Mohamed Ebrahim | D72: 39926 | E72: =("03-11-2023"-D72)/365.25 -> 14.529774 | F72: =VLOOKUP(G72,'MADRASA LIST'!A:J,9,FALSE) -> 10 | G72: Unity Public School | H72: 109,Lake View Road, Kottur | I72: Chennai | J72: Chennai | K72: 600085 | M72: 8220622910 | N72: 8807248712,04424451244/33 | O72: 30 | P72: 30
A73: 557 | B73: Sadhu Hamthan | C73: Omar Abdullah | D73: 41672 | E73: =("03-11-2023"-D73)/365.25 -> 9.7494867 | F73: =VLOOKUP(G73,'MADRASA LIST'!A:J,9,FALSE) -> 23 | G73: Ubay Ibn Ka'b Hifz Madarsa | H73: 3, Majestic Colony | I73: Dharmapuram | J73: Karaikal | K73: 609602 | L73: ubayibnkabhifzmadarsa@gmail.com | M73: 7702117140 | N73: 75984421804,7702117140 | O73: 5 | P73: 5 | Q73: (26-30) `hkPk; (حم) Kjy; mk;k (عَمَّ) tiu
A74: 1504 | B74: Abdullah | C74: Jabbar Khan | D74: 41505 | E74: =("03-11-2023"-D74)/365.25 -> 10.206708 | F74: =VLOOKUP(G74,'MADRASA LIST'!A:J,9,FALSE) -> 23 | G74: Ubay Ibn Ka'b Hifz Madarsa | H74: 3, Majestic Colony | I74: Dharmapuram | J74: Karaikal | K74: 609602 | L74: ubayibnkabhifzmadarsa@gmail.com | M74: 7702117140 | N74: 75984421804,7702117140 | O74: 16 | P74: 15 | Q74: (26-30) `hkPk; (حم) Kjy; mk;k (عَمَّ) tiu> (1-10) myp/g; yhk; kPk; (آلم) Kjy; t/yK (وَٱعْلَمُواْ) tiu
A75: 532 | B75: Mohamed Tanzeem I | C75: Ifthihar Rahman | D75: 41380 | E75: =("03-11-2023"-D75)/365.25 -> 10.548939 | F75: =VLOOKUP(G75,'MADRASA LIST'!A:J,9,FALSE) -> 32 | G75: Al Munawara Islamic School | H75: Indhra Nagar, Neivasalpatty Road | I75: Sivapuram | J75: Pudukkottai | K75: 622422 | N75: 7010751922 | P75: 5 | Q75: (26-30) `hkPk; (حم) Kjy; mk;k (عَمَّ) tiu
A76: 1526 | B76: Mohamed Thayeeb M | C76: Mohamed Sharbudeen | D76: 40555 | E76: =("03-11-2023"-D76)/365.25 -> 12.807666 | F76: =VLOOKUP(G76,'MADRASA LIST'!A:J,9,FALSE) -> 32 | G76: Al Munawara Islamic School | H76: Indhra Nagar, Neivasalpatty Road | I76: Sivapuram | J76: Pudukkottai | K76: 622422 | N76: 7010751922 | P76: 15 | Q76: (26-30) `hkPk; (حم) Kjy; mk;k (عَمَّ) tiu> (1-10) myp/g; yhk; kPk; (آلم) Kjy; t/yK (وَٱعْلَمُواْ) tiu
A77: 1536 | B77: Muhammad Faahim | C77: Maashukur Rahman | D77: 40735 | E77: =("03-11-2023"-D77)/365.25 -> 12.314853 | F77: =VLOOKUP(G77,'MADRASA LIST'!A:J,9,FALSE) -> 32 | G77: Al Munawara Islamic School | H77: Indhra Nagar, Neivasalpatty Road | I77: Sivapuram | J77: Pudukkottai | K77: 622422 | N77: 7010751922 | P77: 15 | Q77: (26-30) `hkPk; (حم) Kjy; mk;k (عَمَّ) tiu> (1-10) myp/g; yhk; kPk; (آلم) Kjy; t/yK (وَٱعْلَمُواْ) tiu
A78: 562 | B78: Umar H | C78: Hasan Ali | D78: 41631 | E78: =("03-11-2023"-D78)/365.25 -> 9.8617385 | F78: =VLOOKUP(G78,'MADRASA LIST'!A:J,9,FALSE) -> 23 | G78: Ubay Ibn Ka'b Hifz Madarsa | H78: 3, Majestic Colony | I78: Dharmapuram | J78: Karaikal | K78: 609602 | L78: ubayibnkabhifzmadarsa@gmail.com | M78: 7702117140 | N78: 75984421804,7702117140 | O78: 7 | P78: 5 | Q78: (1-5) myp/g; yhk; kPk; (آلم) Kjy; ty;K`;]dhj;J (وَٱلْمُحْصَنَاتُ) tiu
A79: 552 | B79: Musab | C79: Mohamed Abubackar | D79: 41303 | E79: =("03-11-2023"-D79)/365.25 -> 10.759754 | F79: =VLOOKUP(G79,'MADRASA LIST'!A:J,9,FALSE) -> 21 | G79: Al-Qalam School | H79: 25, Majestic Colony | I79: Dharmapuram | J79: Karaikal | K79: 609602 | L79: alqalamschool.kkl@gmail.com | M79: 7702117140 | N79: 9842158505,8300692325 | O79: 6 | P79: 5 | Q79: (26-30) `hkPk; (حم) Kjy; mk;k (عَمَّ) tiu
A80: 1501 | B80: Abdul Kareem M.I | C80: Mohamed Ilyas | D80: 40544 | E80: =("03-11-2023"-D80)/365.25 -> 12.837782 | F80: =VLOOKUP(G80,'MADRASA LIST'!A:J,9,FALSE) -> 35 | G80: Syed Ibrahim Educational and Charitable Trust | H80: 3869/1, South 2nd street | I80: Pudukkotai | J80: Pudukottai | K80: 622422 | M80: 7010751922 | P80: 15 | Q80: (26-30) `hkPk; (حم) Kjy; mk;k (عَمَّ) tiu> (1-10) myp/g; yhk; kPk; (آلم) Kjy; t/yK (وَٱعْلَمُواْ) tiu
A81: 528 | B81: Mohamed Isamudeen | C81: Mohamed Nizamudeen | D81: 41045 | E81: =("03-11-2023"-D81)/365.25 -> 11.466119 | F81: =VLOOKUP(G81,'MADRASA LIST'!A:J,9,FALSE) -> 45 | G81: Al Jamiyathul Islamiya | H81: 3/233-1,Ajlansha Nagar,Mangudi Road | I81: Ayyampet | J81: Thanjavore | K81: 614201 | N81: 9003991328 | O81: 10 | P81: 5 | Q81: (1-5) myp/g; yhk; kPk; (آلم) Kjy; ty;K`;]dhj;J (وَٱلْمُحْصَنَاتُ) tiu
A82: 559 | B82: Syed Mubin | C82: Jameela Bevi | D82: 40870 | E82: =("03-11-2023"-D82)/365.25 -> 11.945243 | F82: =VLOOKUP(G82,'MADRASA LIST'!A:J,9,FALSE) -> 45 | G82: Al Jamiyathul Islamiya | H82: 3/233-1,Ajlansha Nagar,Mangudi Road | I82: Ayyampet | J82: Thanjavore | K82: 614201 | N82: 9003991328 | O82: 10 | P82: 5 | Q82: (1-5) myp/g; yhk; kPk; (آلم) Kjy; ty;K`;]dhj;J (وَٱلْمُحْصَنَاتُ) tiu
A83: 3050 | B83: Muhammad Arshad S | C83: Salman S | D83: 40017 | E83: =("03-11-2023"-D83)/365.25 -> 14.28063 | F83: =VLOOKUP(G83,'MADRASA LIST'!A:J,9,FALSE) -> 45 | G83: Al Jamiyathul Islamiya | H83: 3/233-1,Ajlansha Nagar,Mangudi Road | I83: Ayyampet | J83: Thanjavore | K83: 614201 | N83: 9003991328 | P83: 30
A84: 3008 | B84: Abdullah M | C84: Mohamed Arif | D84: 39871 | E84: =("03-11-2023"-D84)/365.25 -> 14.680356 | F84: =VLOOKUP(G84,'MADRASA LIST'!A:J,9,FALSE) -> 45 | G84: Al Jamiyathul Islamiya | H84: 3/233-1,Ajlansha Nagar,Mangudi Road | I84: Ayyampet | J84: Thanjavore | K84: 614201 | N84: 9003991328 | P84: 30
A85: 3062 | B85: Sheik Abdullah Sha J | C85: Jinnah Jakeer Hussain A | D85: 39039 | E85: =("03-11-2023"-D85)/365.25 -> 16.958248 | F85: =VLOOKUP(G85,'MADRASA LIST'!A:J,9,FALSE) -> 24 | G85: Darul Uloom Saudia Arabic College | I85: Chinthaamanipatti (PO) | J85: Karur | K85: 621301 | N85: 9791382498 | P85: 30
A86: 3058 | B86: Rafik Ahamed | C86: Jinnah Jakeer Hussain A | D86: 39518 | E86: =("03-11-2023"-D86)/365.25 -> 15.646817 | F86: =VLOOKUP(G86,'MADRASA LIST'!A:J,9,FALSE) -> 24 | G86: Darul Uloom Saudia Arabic College | I86: Chinthaamanipatti (PO) | J86: Karur | K86: 621301 | N86: 9791382498 | P86: 30
A87: 3019 | B87: Atheeq Mursi | C87: Abul Hasan Shaduly M.A | D87: 39718 | E87: =("03-11-2023"-D87)/365.25 -> 15.099247 | F87: =VLOOKUP(G87,'MADRASA LIST'!A:J,9,FALSE) -> 62 | G87: Malharul Fa'izeen | H87: Mogudhoom Jumma Masjid, Magudhoom St | I87: Kayalpatnam | J87: Thoothukudi | K87: 628204 | M87: 8148394798 | N87: 7010281219 | P87: 30
A88: 1535 | B88: Muhammad Aneesur Rahman | C88: Muhammad Riyazur Rahman | D88: 40508 | E88: =("03-11-2023"-D88)/365.25 -> 12.936345 | F88: =VLOOKUP(G88,'MADRASA LIST'!A:J,9,FALSE) -> 73 | G88: Madrasa E Imdadul Uloom | H88: Subhaniya 2nd Street, Eriguthi Medu | I88: Pernambut | J88: Vellore | K88: 635810 | L88: mh3270500@gmail.com | M88: 8681976937 | P88: 15 | Q88: (26-30) `hkPk; (حم) Kjy; mk;k (عَمَّ) tiu> (1-10) myp/g; yhk; kPk; (آلم) Kjy; t/yK (وَٱعْلَمُواْ) tiu
A89: 1528 | B89: Mohammed Alfaiz | C89: kutubuddin | D89: 40544 | E89: =("03-11-2023"-D89)/365.25 -> 12.837782 | F89: =VLOOKUP(G89,'MADRASA LIST'!A:J,9,FALSE) -> 73 | G89: Madrasa E Imdadul Uloom | H89: Subhaniya 2nd Street, Eriguthi Medu | I89: Pernambut | J89: Vellore | K89: 635810 | L89: mh3270500@gmail.com | M89: 8681976937 | P89: 15 | Q89: (26-30) `hkPk; (حم) Kjy; mk;k (عَمَّ) tiu> (1-10) myp/g; yhk; kPk; (آلم) Kjy; t/yK (وَٱعْلَمُواْ) tiu
A90: 3045 | B90: Mohammed Talha | C90: Majeed Pasha | D90: 39741 | E90: =("03-11-2023"-D90)/365.25 -> 15.036277 | F90: =VLOOKUP(G90,'MADRASA LIST'!A:J,9,FALSE) -> 73 | G90: Madrasa E Imdadul Uloom | H90: Subhaniya 2nd Street, Eriguthi Medu | I90: Pernambut | J90: Vellore | K90: 635810 | L90: mh3270500@gmail.com | M90: 8681976937 | P90: 30
A91: 524 | B91: Mahboob Ali S | C91: Shaik Abdul Qadir M | D91: 41103 | E91: =("03-11-2023"-D91)/365.25 -> 11.307324 | F91: =VLOOKUP(G91,'MADRASA LIST'!A:J,9,FALSE) -> 43 | G91: Ibnu Umar Islamic Matric School | H91: Tenkasi-Ayikudi Road | I91: Mynaperi | J91: Tenkasi | K91: 627814 | M91: 9444459334 | N91: 9865488111 | P91: 5 | Q91: (26-30) `hkPk; (حم) Kjy; mk;k (عَمَّ) tiu
A92: 1507 | B92: Abdullah S | C92: Syed Sheikh | D92: 40849 | E92: =("03-11-2023"-D92)/365.25 -> 12.002738 | F92: =VLOOKUP(G92,'MADRASA LIST'!A:J,9,FALSE) -> 39 | G92: Dharul Uloom Dhawathul Hudha | H92: Periyar Nagar,SBI Backside | I92: Thiruppathur | J92: Sivanganga | K92: 630211 | N92: 7708817177 | O92: 16 | P92: 15 | Q92: (26-30) `hkPk; (حم) Kjy; mk;k (عَمَّ) tiu> (1-10) myp/g; yhk; kPk; (آلم) Kjy; t/yK (وَٱعْلَمُواْ) tiu
A93: 3028 | B93: Mohamed Asrar S | C93: Ibrahim | D93: 39183 | E93: =("03-11-2023"-D93)/365.25 -> 16.563997 | F93: =VLOOKUP(G93,'MADRASA LIST'!A:J,9,FALSE) -> 39 | G93: Dharul Uloom Dhawathul Hudha | H93: Periyar Nagar,SBI Backside | I93: Thiruppathur | J93: Sivanganga | K93: 630211 | N93: 7708817177 | P93: 30
A94: 3046 | B94: Mohammed Umar A | C94: Abdulla | D94: 40726 | E94: =("03-11-2023"-D94)/365.25 -> 12.339493 | F94: =VLOOKUP(G94,'MADRASA LIST'!A:J,9,FALSE) -> 39 | G94: Dharul Uloom Dhawathul Hudha | H94: Periyar Nagar,SBI Backside | I94: Thiruppathur | J94: Sivanganga | K94: 630211 | N94: 7708817177 | P94: 30
A95: 540 | B95: Mohammed Ihsan A | C95: Abdul Rahman B | D95: 41164 | E95: =("03-11-2023"-D95)/365.25 -> 11.140315 | F95: =VLOOKUP(G95,'MADRASA LIST'!A:J,9,FALSE) -> 12 | G95: Pristine Public School | H95: 371/2, Podanur Main Road | I95: Coimbatore | J95: Coimbatore | K95: 641023 | M95: 9789581146 | N95: 8220143927 | O95: 5 | P95: 5 | Q95: (26-30) `hkPk; (حم) Kjy; mk;k (عَمَّ) tiu
A96: 538 | B96: Mohammed Azeem U | C96: Ummar Farook | D96: 41471 | E96: =("03-11-2023"-D96)/365.25 -> 10.299795 | F96: =VLOOKUP(G96,'MADRASA LIST'!A:J,9,FALSE) -> 12 | G96: Pristine Public School | H96: 371/2, Podanur Main Road | I96: Coimbatore | J96: Coimbatore | K96: 641023 | M96: 7373758198 | N96: 8220143927 | O96: 5 | P96: 5 | Q96: (26-30) `hkPk; (حم) Kjy; mk;k (عَمَّ) tiu
A97: 1518 | B97: Faheem Ahamed M | C97: Mohammed Ismail B | D97: 40496 | E97: =("03-11-2023"-D97)/365.25 -> 12.969199 | F97: =VLOOKUP(G97,'MADRASA LIST'!A:J,9,FALSE) -> 12 | G97: Pristine Public School | H97: 371/2, Podanur Main Road | I97: Coimbatore | J97: Coimbatore | K97: 641023 | M97: 9843486739 | N97: 8220143927 | O97: 15 | P97: 15 | Q97: (26-30) `hkPk; (حم) Kjy; mk;k (عَمَّ) tiu> (1-10) myp/g; yhk; kPk; (آلم) Kjy; t/yK (وَٱعْلَمُواْ) tiu
A98: 1525 | B98: Mohamed Sahad M | C98: Mohamed Shafeeq A | D98: 40615 | E98: =("03-11-2023"-D98)/365.25 -> 12.643395 | F98: =VLOOKUP(G98,'MADRASA LIST'!A:J,9,FALSE) -> 12 | G98: Pristine Public School | H98: 371/2, Podanur Main Road | I98: Coimbatore | J98: Coimbatore | K98: 641023 | M98: 9994148958 | N98: 8220143927 | O98: 15 | P98: 15 | Q98: (1-15) myp/g; yhk; kPk; (آلم) Kjy; ]{g;`hdy;yjP (سُبْحَانَ ٱلَّذِى) tiu
A99: 3056 | B99: Nihaal M | C99: Mohammed Haneefa | D99: 39990 | E99: =("03-11-2023"-D99)/365.25 -> 14.354552 | F99: =VLOOKUP(G99,'MADRASA LIST'!A:J,9,FALSE) -> 12 | G99: Pristine Public School | H99: 371/2, Podanur Main Road | I99: Coimbatore | J99: Coimbatore | K99: 641023 | L99: babuhs78@gmail.com | M99: 9585558444 | N99: 8220143927 | P99: 30
A100: 531 | B100: Mohamed Rilwan N | C100: Mohamed Noorullah M | D100: 41244 | E100: =("03-11-2023"-D100)/365.25 -> 10.921287 | F100: =VLOOKUP(G100,'MADRASA LIST'!A:J,9,FALSE) -> 14 | G100: Noorul Hudha Hifl Madrasa | H100: Karumara Street | I100: Nellikuppam | J100: Cuddalore | K100: 607105 | N100: 9790291534,8072501209 | O100: 5 | P100: 5 | Q100: (1-5) myp/g; yhk; kPk; (آلم) Kjy; ty;K`;]dhj;J (وَٱلْمُحْصَنَاتُ) tiu
...

Sheet MADRASA LIST
A1: INSTITUTION | G1: Email | H1: DISTRICT | I1: NO | J1: NO. OF STUDENTS
A2: Bilal Madrasa For Memorizing Quran | B2: 20, First Floor, Perambur High Road, Jamalia | C2: Chennai | D2: Chennai | E2: 600012 | F2: 9952281255 | H2: Chennai | I2: 01 | J2: =COUNTIF('APPLICANTS 2023'!G:G,A2) -> 4
A3: Dar-Ul-Quranul Kareem (Academy) | B3: Baradhi Nagar, No:8, 7th Street, Korukkupet | C3: Chennai | D3: Chennai | E3: 600001 | F3: 8217300293 | H3: Chennai | I3: 02 | J3: =COUNTIF('APPLICANTS 2023'!G:G,A3) -> 1
A4: Ibnu Taimiyyah Institute For Hifz & Islamic Studies With Academics (Resi) | B4: 1/653A, Kurrathul Aini House, Annai Teresa St, Naduveerapattu | C4: Chennai | D4: Chennai | E4: 600063 | F4: 9790836773 | G4: markazibnutaimiyyah@gmail.com | H4: Chennai | I4: 03 | J4: =COUNTIF('APPLICANTS 2023'!G:G,A4) -> 2
A5: Kilakarai Bukhari Aalim Arabic College | B5: Crescent Campus, GST Road, Vandalur | C5: Chennai | D5: Chennai | E5: 600048 | F5: 8015186332 | H5: Chennai | I5: 04 | J5: =COUNTIF('APPLICANTS 2023'!G:G,A5) -> 1
A6: Madrasa Ubai Ibn Ka'b | B6: 10A, 5th Street, Teeds Garden, Perambur | C6: Chennai | D6: Chennai | E6: 600011 | F6: 7401251027 | H6: Chennai | I6: 05 | J6: =COUNTIF('APPLICANTS 2023'!G:G,A6) -> 2
A7: Measi Matriculation Hr Sec School | B7: 113, Angappan Street,Mannady | C7: Chennai | D7: Chennai | E7: 600001 | F7: 9941579786 | G7: info@measischool.edu.in | H7: Chennai | I7: 06 | J7: =COUNTIF('APPLICANTS 2023'!G:G,A7) -> 1
A8: Sana Model School | B8: 4/122,Goparasanallur,Kattupakkam | C8: Chennai | D8: Chennai | E8: 600056 | F8: 9941786891 | H8: Chennai | I8: 07 | J8: =COUNTIF('APPLICANTS 2023'!G:G,A8) -> 3
A9: Sana Nursery & Primary School | B9: 6, Varadarajulu Street (Near Dasaprakash Hotel) | C9: Egmore | D9: Chennai | E9: 600008 | F9: 8610034441 | H9: Chennai | I9: 08 | J9: =COUNTIF('APPLICANTS 2023'!G:G,A9) -> 1
A10: Sana Smart Matriculation School | B10: 13/13B, Perambur High Road, 1st Street, Jamalia | C10: Chennai | D10: Chennai | E10: 600012 | F10: 9941786891 | G10: adminjamalia@sanamodelschool.com | H10: Chennai | I10: 09 | J10: =COUNTIF('APPLICANTS 2023'!G:G,A10) -> 1
A11: Unity Public School | B11: 109,Lake View Road, Kottur | C11: Chennai | D11: Chennai | E11: 600085 | F11: 8807248712,04424451244/33 | H11: Chennai | I11: 10 | J11: =COUNTIF('APPLICANTS 2023'!G:G,A11) -> 6
A12: Madrasathul Salaful Saliheen | B12: JAQH Masjid | C12: Anamalai | D12: Coimbatore | E12: 642104 | F12: 9942384605 | H12: Coimbatore | I12: 11 | J12: =COUNTIF('APPLICANTS 2023'!G:G,A12) -> 1
A13: Pristine Public School | B13: 371/2, Podanur Main Road | C13: Coimbatore | D13: Coimbatore | E13: 641023 | F13: 8220143927 | H13: Coimbatore | I13: 12 | J13: =COUNTIF('APPLICANTS 2023'!G:G,A13) -> 5
A14: Al Madrasathul Mahmoodiya | B14: Jamia Masjid, Meerapalli | C14: Parangipettai | D14: Cuddalore | E14: 608502 | F14: 8925656621 | H14: Cuddalore | I14: 13 | J14: =COUNTIF('APPLICANTS 2023'!G:G,A14) -> 3
A15: Noorul Hudha Hifl Madrasa | B15: Karumara Street | C15: Nellikuppam | D15: Cuddalore | E15: 607105 | F15: 9790291534,8072501209 | H15: Cuddalore | I15: 14 | J15: =COUNTIF('APPLICANTS 2023'!G:G,A15) -> 1
A16: The New John Dewey Mat High School | B16: 65/29, Kasthuribai Street | C16: Panruti | D16: Cuddalore | E16: 607106 | H16: Cuddalore | I16: 15 | J16: =COUNTIF('APPLICANTS 2023'!G:G,A16) -> 1
A17: Madrasa-E-Merajul Uloom | B17: 77/21,Mohamed Ali Club Road, Opp to BusStand | C17: Dharmapuri | D17: Dharmapuri | E17: 636701 | F17: 9786786088 | G17: zubairaafazi@gmail.com | H17: Dharmapuri | I17: 16 | J17: =COUNTIF('APPLICANTS 2023'!G:G,A17) -> 4
A18: An-Noor Islamia College | B18: Railway Station Road | C18: Thamarapadi(PO) | D18: Dindigul | E18: 624005 | F18: 8610213874 | H18: Dindigul | I18: 17 | J18: =COUNTIF('APPLICANTS 2023'!G:G,A18) -> 2
A19: Madarashathull Hamidiyah | B19: Begampur | C19: Dindigul | D19: Dindigul | E19: 624002 | F19: 9080891557 | H19: Dindigul | I19: 19 | J19: =COUNTIF('APPLICANTS 2023'!G:G,A19) -> 1
A20: Al Jamiathul Firdousiya Arabic College | B20: Parakai Road, Kottar | C20: Nagercoil | D20: Kanyakumari | E20: 629002 | F20: 9486215365,9629587691 | H20: Kanyakumari | I20: 20 | J20: =COUNTIF('APPLICANTS 2023'!G:G,A20) -> 3
A21: Al-Qalam School | B21: 25, Majestic Colony | C21: Dharmapuram | D21: Karaikal | E21: 609602 | F21: 9842158505,8300692325 | G21: alqalamschool.kkl@gmail.com | H21: Karaikal | I21: 21 | J21: =COUNTIF('APPLICANTS 2023'!G:G,A21) -> 1
A22: Madharasathul Salahiya Hiflu Madarasa | C22: T.R.Pattinam | D22: Karaikal | E22: 609606 | F22: 9750242302 | H22: Karaikal | I22: 22 | J22: =COUNTIF('APPLICANTS 2023'!G:G,A22) -> 1
A23: Ubay Ibn Ka'b Hifz Madarsa | B23: 3, Majestic Colony | C23: Dharmapuram | D23: Karaikal | E23: 609602 | F23: 75984421804,7702117140 | G23: ubayibnkabhifzmadarsa@gmail.com | H23: Karaikal | I23: 23 | J23: =COUNTIF('APPLICANTS 2023'!G:G,A23) -> 5
A24: Darul Uloom Saudia Arabic College | C24: Chinthaamanipatti (PO) | D24: Karur | E24: 621301 | F24: 9791382498 | H24: Karur | I24: 24 | J24: =COUNTIF('APPLICANTS 2023'!G:G,A24) -> 2
A25: Jamia Noman-Bin Sabith | C25: Rahmath Nagar | D25: Krishnagiri | E25: 635115 | F25: 8892288058 | G25: abdulkhadirjilani@gmail.com | H25: Krishnagiri | I25: 25 | J25: =COUNTIF('APPLICANTS 2023'!G:G,A25) -> 5
A26: Darussalam Arabic College | B26: 5, RadhaKrishnan Nagar, 5th Cross St | C26: Avaniyapuram | D26: Madurai | E26: 625012 | F26: 9443025359 | H26: Madurai | I26: 26 | J26: =COUNTIF('APPLICANTS 2023'!G:G,A26) -> 3
A27: Jannathul Firdowse Hifl Madrasa | B27: 8th street,Gomathipuram | C27: Madurai | D27: Madurai | E27: 625020 | F27: 8015335562 | H27: Madurai | I27: 27 | J27: =COUNTIF('APPLICANTS 2023'!G:G,A27) -> 3
A28: Limra Nursery & Primary School | B28: 1020,Villapuram Housing Board | C28: Madurai | D28: Madurai | E28: 625011 | F28: 9677770854,8526666344 | H28: Madurai | I28: 28 | J28: =COUNTIF('APPLICANTS 2023'!G:G,A28) -> 3
A29: Gift Islamic Academy | B29: Behind SM Oil Company | C29: Gudalur | D29: Nilgiris | E29: 643212 | F29: 9443253428 | H29: Nilgiris | I29: 29 | J29: =COUNTIF('APPLICANTS 2023'!G:G,A29) -> 6
A30: Jamia Al Asharathul Mubashara | B30: Madurai Road | C30: Endapuli | D30: Periyakulam | E30: 625604 | F30: 8110024089 | H30: Periyakulam | I30: 30 | J30: =COUNTIF('APPLICANTS 2023'!G:G,A30) -> 2
A31: Jamiathul Hiqma Arabic College | B31: Kaduvanur | C31: Bahour Commune | D31: Puducherry | E31: 607402 | F31: 04132223251,8056678315 | H31: Puducherry | I31: 31 | J31: =COUNTIF('APPLICANTS 2023'!G:G,A31) -> 1
A32: Al Munawara Islamic School | B32: Indhra Nagar, Neivasalpatty Road | C32: Sivapuram | D32: Pudukkottai | E32: 622422 | F32: 7010751922 | H32: Pudukkottai | I32: 32 | J32: =COUNTIF('APPLICANTS 2023'!G:G,A32) -> 3
A33: Bright Islamic School | B33: Vaniyar Street | C33: Karambakkudi | D33: Pudukottai | E33: 622302 | F33: 936033644,9943437338 | H33: Pudukkottai | I33: 33 | J33: =COUNTIF('APPLICANTS 2023'!G:G,A33) -> 2
A34: Nizam Oriental Arabic High School | B34: No 2, Nizam Colony | C34: Pudukkotai | D34: Pudukkottai | E34: 622001 | F34: 04322265006, 9894812904 | G34: nizamschool@yahoo.com | H34: Pudukkottai | I34: 34 | J34: =COUNTIF('APPLICANTS 2023'!G:G,A34) -> 1
A35: Syed Ibrahim Educational and Charitable Trust | B35: 3869/1, South 2nd street | C35: Pudukkotai | D35: Pudukottai | E35: 622422 | F35: 7010751922 | H35: Pudukkottai | I35: 35 | J35: =COUNTIF('APPLICANTS 2023'!G:G,A35) -> 1
A36: Al-Aqsa Quran Study Center | B36: 16, New Street | C36: Kilakarai | D36: Ramanathapuram | E36: 623517 | F36: 9566505693 | H36: Ramanathapuram | I36: 36 | J36: =COUNTIF('APPLICANTS 2023'!G:G,A36) -> 4
A37: Ayisha Hameeda Quraan Hiflu Madharasa | B37: B.S.Abdur Rahman Salai, Mulluvadi | C37: Kilakarai | D37: Ramanathapuram | E37: 623517 | F37: 9524191383,8870115468 | H37: Ramanathapuram | I37: 37 | J37: =COUNTIF('APPLICANTS 2023'!G:G,A37) -> 1
A38: Madhrasa-E-Noorul Islam Arabic College | B38: Junction, Sooramangalam P.O | C38: Salem | D38: Salem | E38: 636005 | F38: 9655071825 | H38: Salem | I38: 38 | J38: =COUNTIF('APPLICANTS 2023'!G:G,A38) -> 4
A39: Dharul Uloom Dhawathul Hudha | B39: Periyar Nagar,SBI Backside | C39: Thiruppathur | D39: Sivanganga | E39: 630211 | F39: 7708817177 | H39: Sivanganga | I39: 39 | J39: =COUNTIF('APPLICANTS 2023'!G:G,A39) -> 3
A40: Hameedia Elementary School | B40: Salaiyur | C40: Ilayangudi | D40: Sivanganga | E40: 630702 | F40: 6374835081 | H40: Sivanganga | I40: 40 | J40: =COUNTIF('APPLICANTS 2023'!G:G,A40) -> 1
A41: Hameedia Hr. Sec School | B41: Salaiyur | C41: Ilayangudi | D41: Sivanganga | E41: 630702 | F41: 6374835081 | H41: Sivanganga | I41: 41 | J41: =COUNTIF('APPLICANTS 2023'!G:G,A41) -> 1
A42: Hussain Foundation Hifz School | B42: Walajah Nawab Jumma Pallivasal | C42: Sivanganga | D42: Sivanganga | E42: 630561 | F42: 6383674976 | H42: Sivanganga | I42: 42 | J42: =COUNTIF('APPLICANTS 2023'!G:G,A42) -> 2
A43: Ibnu Umar Islamic Matric School | B43: Tenkasi-Ayikudi Road | C43: Mynaperi | D43: Tenkasi | E43: 627814 | F43: 9865488111 | H43: Tenkasi | I43: 43 | J43: =COUNTIF('APPLICANTS 2023'!G:G,A43) -> 2
A44: Madhrasathul Muslimeen Quran Memorizing School (JAQH) | B44: 178A, SPK Street | C44: Tenkasi | D44: Tenkasi | E44: 627811 | F44: 9894435445,9626382560 | H44: Tenkasi | I44: 44 | J44: =COUNTIF('APPLICANTS 2023'!G:G,A44) -> 2
A45: Al Jamiyathul Islamiya | B45: 3/233-1,Ajlansha Nagar,Mangudi Road | C45: Ayyampet | D45: Thanjavore | E45: 614201 | F45: 9003991328 | H45: Thanjavore | I45: 45 | J45: =COUNTIF('APPLICANTS 2023'!G:G,A45) -> 5
A46: Al Madharasathul Salahiyya Arabic College | B46: K.M.C. Campus | C46: Adirampattinam | D46: Thanjavore | E46: 614701 | F46: 9003405258 | H46: Thanjavore | I46: 46 | J46: =COUNTIF('APPLICANTS 2023'!G:G,A46) -> 1
A47: Athayi Hifz School | B47: 5/83, Jamalia Street | C47: Rajagiri | D47: Thanjavore | E47: 614207 | F47: 8015520240 | G47: ar237356@gmail.com | H47: Thanjavore | I47: 47 | J47: =COUNTIF('APPLICANTS 2023'!G:G,A47) -> 4
A48: Hidayathul Islam Maktab & Hifz Madarsa | B48: Al Masjidur Rahman | C48: Adirampattinam | D48: Thanjavore | E48: 614701 | F48: 9791910503 | H48: Thanjavore | I48: 48 | J48: =COUNTIF('APPLICANTS 2023'!G:G,A48) -> 1
A49: Imam Shafi (rah) Matric Hr.Sec School | B49: Pattukkottai Road | C49: Adirampattinam | D49: Thanjavore | E49: 614701 | F49: 9792540527 | H49: Thanjavore | I49: 49 | J49: =COUNTIF('APPLICANTS 2023'!G:G,A49) -> 2
A50: Madarasathu An Noor | B50: Maraika Masjid Complex, Middle Street | C50: Adirampattinam | D50: Thanjavore | E50: 614701 | F50: 8056828414 | H50: Thanjavore | I50: 50 | J50: =COUNTIF('APPLICANTS 2023'!G:G,A50) -> 1
A51: Madrasathul Hidhaya | B51: 44,45/2537,Thiyagi Tamasamy Street | C51: Kumbakonam | D51: Thanjavore | E51: 612001 | F51: 9087503012 | H51: Thanjavore | I51: 51 | J51: =COUNTIF('APPLICANTS 2023'!G:G,A51) -> 1
A52: Jamia Darul Falah | B52: 6, Shafeeq Mahalla, Indira Nagar | C52: Uthamapalayam | D52: Theni | E52: 625533 | F52: 9788223729 | H52: Theni | I52: 52 | J52: =COUNTIF('APPLICANTS 2023'!G:G,A52) -> 2
A53: Madhrasathul Ansar Hifl Madrasa | B53: Gandhi Nagar, Kumili Road | C53: Cumbum | D53: Theni | E53: 625516 | F53: 7373732829 | H53: Theni | I53: 53 | J53: =COUNTIF('APPLICANTS 2023'!G:G,A53) -> 1
A54: Straight Way Nursery & Primary School | B54: 33-A, Pulavar Street | C54: Cumbum | D54: Theni | E54: 625516 | F54: 9894742228,8056580454,8973363819 | G54: straightwaykidsschool@gmail.com | H54: Theni | I54: 54 | J54: =COUNTIF('APPLICANTS 2023'!G:G,A54) -> 1
A55: Al Madharsathul Muhammadiya (M.M.Arabic College) | B55: Kalankudiyiruppu | C55: Udangudi | D55: Thoothukudi | E55: 628203 | F55: 0463925039,9444169265 | H55: Thoothukudi | I55: 55 | J55: =COUNTIF('APPLICANTS 2023'!G:G,A55) -> 1
A56: Al Mahir Quran Memorizing School | B56: 81A1/A2, Thenga Pandaga Salai | C56: Kayalpatnam | D56: Thoothukudi | E56: 628204 | F56: 9087676379, 9385671404 | H56: Thoothukudi | I56: 56 | J56: =COUNTIF('APPLICANTS 2023'!G:G,A56) -> 6
A57: Al Makthabathul Magudhoomiyya | B57: Mogudhoom Jumma Masjid, Magudhoom St | C57: Kayalpatnam | D57: Thoothukudi | E57: 628204 | F57: 9710252616 | H57: Thoothukudi | I57: 57 | J57: =COUNTIF('APPLICANTS 2023'!G:G,A57) -> 3
A58: L.K.Higher Secondary School | B58: Kayalpatnam | C58: Kayalpatnam | D58: Thoothukudi | E58: 628204 | H58: Thoothukudi | I58: 58 | J58: =COUNTIF('APPLICANTS 2023'!G:G,A58) -> 4
A59: L.K.Primary School | B59: Kayalpatnam | C59: Kayalpatnam | D59: Thoothukudi | E59: 628204 | H59: Thoothukudi | I59: 59 | J59: =COUNTIF('APPLICANTS 2023'!G:G,A59) -> 2
A60: Madarasathul Azhar Li Thahfeezil Quranil Kareem | B60: Al Jamiul Azhar Jumm'a Masjid | C60: Kayalpatnam | D60: Thoothukudi | E60: 628204 | H60: Thoothukudi | I60: 60 | J60: =COUNTIF('APPLICANTS 2023'!G:G,A60) -> 6
A61: Madhrasa Dhawathul Huda | B61: 129-A, Kulathankarai Street | C61: North Authoor | D61: Thoothukudi | E61: 628151 | F61: 9843417098 | H61: Thoothukudi | I61: 61 | J61: =COUNTIF('APPLICANTS 2023'!G:G,A61) -> 2
A62: Malharul Fa'izeen | B62: Mogudhoom Jumma Masjid, Magudhoom St | C62: Kayalpatnam | D62: Thoothukudi | E62: 628204 | F62: 7010281219 | H62: Thoothukudi | I62: 62 | J62: =COUNTIF('APPLICANTS 2023'!G:G,A62) -> 1
A63: SFTC Tutorial & Tution Centre | B63: Kayalpatnam | C63: Kayalpatnam | D63: Thoothukudi | E63: 628204 | F63: 9750374318 | H63: Thoothukudi | I63: 63 | J63: =COUNTIF('APPLICANTS 2023'!G:G,A63) -> 3
A64: Wisdom Public School | B64: Kayalpatnam-Tiruchendur Main Road | C64: Veerapandianpattinam | D64: Thoothukudi | E64: 628216 | F64: 6381493489 | H64: Thoothukudi | I64: 64 | J64: =COUNTIF('APPLICANTS 2023'!G:G,A64) -> 5
A65: Madarasathun Noor Hiflu Madarasa | B65: Reddiyarpatti Road | C65: Melapalayam | D65: Tirunelveli | E65: 627005 | F65: 8300608411 | H65: Tirunelveli | I65: 65 | J65: =COUNTIF('APPLICANTS 2023'!G:G,A65) -> 1
A66: Masjidur Raheem Jumma Palli Madarasa | B66: 18, Thai Nagar Mela Theru | C66: Melapalayam | D66: Tirunelveli | E66: 627005 | F66: 9843273535 | H66: Tirunelveli | I66: 66 | J66: =COUNTIF('APPLICANTS 2023'!G:G,A66) -> 1
A67: Darul Uloom Ahmedi | B67: S.F.No 75/2 C1, Shalimar Tanning Company, Gate No:2, MC Road, Solur | C67: Ambur | D67: Tirupattur | E67: 635814 | F67: 8248752635 | G67: darululoomahmediambur@gmail.com | H67: Tirupattur | I67: 67 | J67: =COUNTIF('APPLICANTS 2023'!G:G,A67) -> 1
A68: Madarasa-E-Thalimul Quran | B68: Pension Lion Ahalay Sunnath WalJamath Masjith, Suriyakulam South St | C68: Arni | D68: Tiruvannamalai | E68: 632301 | F68: 9940991600 | H68: Tiruvannamalai | I68: 68 | J68: =COUNTIF('APPLICANTS 2023'!G:G,A68) -> 2
A69: Darul Uloom Faizul Islam | B69: Ismailpet | C69: Virinchipuram | D69: Vellore | E69: 632104 | F69: 9443308661 | H69: Vellore | I69: 69 | J69: =COUNTIF('APPLICANTS 2023'!G:G,A69) -> 2
A70: Iqra Matric Hr Sec School | C70: Oomerabad | D70: Vellore | E70: 635808 | F70: 8148563200 | H70: Vellore | I70: 70 | J70: =COUNTIF('APPLICANTS 2023'!G:G,A70) -> 1
A71: Jamia Darussalam Arabic College | C71: Oomerabad | D71: Tirupattur | E71: 635808 | F71: 9003515998 | H71: Vellore | I71: 71 | J71: =COUNTIF('APPLICANTS 2023'!G:G,A71) -> 5
A72: Madrasa E Imdadiya For The Blind | B72: 540, Anna Salai | C72: Melvisharam | D72: Vellore | E72: 632509 | F72: 9952120340 | G72: imdadiya.wes@gmail.com | H72: Vellore | I72: 72 | J72: =COUNTIF('APPLICANTS 2023'!G:G,A72) -> 6
A73: Madrasa E Imdadul Uloom | B73: Subhaniya 2nd Street, Eriguthi Medu | C73: Pernambut | D73: Vellore | E73: 635810 | F73: 8681976937 | G73: mh3270500@gmail.com | H73: Vellore | I73: 73 | J73: =COUNTIF('APPLICANTS 2023'!G:G,A73) -> 3
A74: Masjid-E-Thahfeesil Quran | B74: Road Masjid | C74: Pernambut | D74: Vellore | E74: 635810 | F74: 9994876081 | H74: Vellore | I74: 74 | J74: =COUNTIF('APPLICANTS 2023'!G:G,A74) -> 1
A75: Faizanul Quran Madarasa | B75: Ramalan Nagar, Kangiruppu | C75: Lalpettai | D75: Cuddalore | E75: 608303 | F75: 9629599602 | H75: Cuddalore | I75: 75 | J75: =COUNTIF('APPLICANTS 2023'!G:G,A75) -> 1
A76: Malick Dhinar Matriculation School | B76: Pon Arippu Street, Kottar | C76: Nagercoil | D76: Kanyakumari | E76: 629002 | F76: 9566587503 | G76: malickdhinarmatric_school@yahoo.com | H76: Kanyakumari | I76: 76 | J76: =COUNTIF('APPLICANTS 2023'!G:G,A76) -> 2
A77: Al Jamiathul Sayidiya Quran Memorizing School (Dawathul Hudha Trust) | B77: 70-B, L.F.Road | C77: Kayalpatnam | D77: Thoothukudi | E77: 628204 | F77: 9150515802 | H77: Thoothukudi | I77: 77 | J77: =COUNTIF('APPLICANTS 2023'!G:G,A77) -> 1

Sheet REGISTERED
A1: REG NO | B1: NAME | C1: FATHER'S NAME | D1: I.NO | E1: INSTITUTION
A2: 505 | B2: =VLOOKUP(A2,'APPLICANTS 2023'!A:Q,2,FALSE) -> Abdullah A | C2: =VLOOKUP(A2,'APPLICANTS 2023'!A:Q,3,FALSE) -> Abubakr Amin | D2: =VLOOKUP(A2,'APPLICANTS 2023'!A:Q,6,FALSE) -> 01 | E2: =VLOOKUP(A2,'APPLICANTS 2023'!A:Q,7,FALSE) -> Bilal Madrasa For Memorizing Quran
A3: 510 | B3: =VLOOKUP(A3,'APPLICANTS 2023'!A:Q,2,FALSE) -> Afeef Ahmed | C3: =VLOOKUP(A3,'APPLICANTS 2023'!A:Q,3,FALSE) -> Mohammed Masood | D3: =VLOOKUP(A3,'APPLICANTS 2023'!A:Q,6,FALSE) -> 01 | E3: =VLOOKUP(A3,'APPLICANTS 2023'!A:Q,7,FALSE) -> Bilal Madrasa For Memorizing Quran
A4: 3012 | B4: =VLOOKUP(A4,'APPLICANTS 2023'!A:Q,2,FALSE) -> Afeef Abdullah | C4: =VLOOKUP(A4,'APPLICANTS 2023'!A:Q,3,FALSE) -> Syed Sadaqatullah | D4: =VLOOKUP(A4,'APPLICANTS 2023'!A:Q,6,FALSE) -> 01 | E4: =VLOOKUP(A4,'APPLICANTS 2023'!A:Q,7,FALSE) -> Bilal Madrasa For Memorizing Quran
A5: 3004 | B5: =VLOOKUP(A5,'APPLICANTS 2023'!A:Q,2,FALSE) -> Abdul Kaiyoom | C5: =VLOOKUP(A5,'APPLICANTS 2023'!A:Q,3,FALSE) -> Shahul Hameed | D5: =VLOOKUP(A5,'APPLICANTS 2023'!A:Q,6,FALSE) -> 01 | E5: =VLOOKUP(A5,'APPLICANTS 2023'!A:Q,7,FALSE) -> Bilal Madrasa For Memorizing Quran
A6: 3043 | B6: =VLOOKUP(A6,'APPLICANTS 2023'!A:Q,2,FALSE) -> Mohammed Kasim Ameen C.S | C6: =VLOOKUP(A6,'APPLICANTS 2023'!A:Q,3,FALSE) -> Mohammed Sadiqul Ameen | D6: =VLOOKUP(A6,'APPLICANTS 2023'!A:Q,6,FALSE) -> 02 | E6: =VLOOKUP(A6,'APPLICANTS 2023'!A:Q,7,FALSE) -> Dar-Ul-Quranul Kareem (Academy)
A7: 551 | B7: =VLOOKUP(A7,'APPLICANTS 2023'!A:Q,2,FALSE) -> Muhammadh Umar R | C7: =VLOOKUP(A7,'APPLICANTS 2023'!A:Q,3,FALSE) -> Riyaz Ahmed | D7: =VLOOKUP(A7,'APPLICANTS 2023'!A:Q,6,FALSE) -> 03 | E7: =VLOOKUP(A7,'APPLICANTS 2023'!A:Q,7,FALSE) -> Ibnu Taimiyyah Institute For Hifz & Islamic Studies With Academics (Resi)
A8: 3057 | B8: =VLOOKUP(A8,'APPLICANTS 2023'!A:Q,2,FALSE) -> Omer Abdul Caser S.M | C8: =VLOOKUP(A8,'APPLICANTS 2023'!A:Q,3,FALSE) -> Seyed Mohammed O.A.C | D8: =VLOOKUP(A8,'APPLICANTS 2023'!A:Q,6,FALSE) -> 04 | E8: =VLOOKUP(A8,'APPLICANTS 2023'!A:Q,7,FALSE) -> Kilakarai Bukhari Aalim Arabic College
A9: 1505 | B9: =VLOOKUP(A9,'APPLICANTS 2023'!A:Q,2,FALSE) -> Abdullah | C9: =VLOOKUP(A9,'APPLICANTS 2023'!A:Q,3,FALSE) -> Abdul Ghani | D9: =VLOOKUP(A9,'APPLICANTS 2023'!A:Q,6,FALSE) -> 05 | E9: =VLOOKUP(A9,'APPLICANTS 2023'!A:Q,7,FALSE) -> Madrasa Ubai Ibn Ka'b
A10: 3010 | B10: =VLOOKUP(A10,'APPLICANTS 2023'!A:Q,2,FALSE) -> Abdur Rahman | C10: =VLOOKUP(A10,'APPLICANTS 2023'!A:Q,3,FALSE) -> Abdul Ghani | D10: =VLOOKUP(A10,'APPLICANTS 2023'!A:Q,6,FALSE) -> 05 | E10: =VLOOKUP(A10,'APPLICANTS 2023'!A:Q,7,FALSE) -> Madrasa Ubai Ibn Ka'b
A11: 3009 | B11: =VLOOKUP(A11,'APPLICANTS 2023'!A:Q,2,FALSE) -> Abdullah M.S.H | C11: =VLOOKUP(A11,'APPLICANTS 2023'!A:Q,3,FALSE) -> Mohammed Seyed Hashan M.A.K | D11: =VLOOKUP(A11,'APPLICANTS 2023'!A:Q,6,FALSE) -> 06 | E11: =VLOOKUP(A11,'APPLICANTS 2023'!A:Q,7,FALSE) -> Measi Matriculation Hr Sec School
A12: 516 | B12: =VLOOKUP(A12,'APPLICANTS 2023'!A:Q,2,FALSE) -> Ammar Ali A | C12: =VLOOKUP(A12,'APPLICANTS 2023'!A:Q,3,FALSE) -> Abid Ali M.M | D12: =VLOOKUP(A12,'APPLICANTS 2023'!A:Q,6,FALSE) -> 07 | E12: =VLOOKUP(A12,'APPLICANTS 2023'!A:Q,7,FALSE) -> Sana Model School
A13: 3066 | B13: =VLOOKUP(A13,'APPLICANTS 2023'!A:Q,2,FALSE) -> Waseem Meeran S | C13: =VLOOKUP(A13,'APPLICANTS 2023'!A:Q,3,FALSE) -> Syed Jawahar Sadiq | D13: =VLOOKUP(A13,'APPLICANTS 2023'!A:Q,6,FALSE) -> 07 | E13: =VLOOKUP(A13,'APPLICANTS 2023'!A:Q,7,FALSE) -> Sana Model School
... A175: 567 | B175: =VLOOKUP(A175,'APPLICANTS 2023'!A:Q,2,FALSE) -> Mohamed Hamza | C175: =VLOOKUP(A175,'APPLICANTS 2023'!A:Q,3,FALSE) -> Mohamed Rasool | D175: =VLOOKUP(A175,'APPLICANTS 2023'!A:Q,6,FALSE) -> 77 | E175: =VLOOKUP(A175,'APPLICANTS 2023'!A:Q,7,FALSE) -> Al Jamiathul Sayidiya Quran Memorizing School (Dawathul Hudha Trust)
B176: =VLOOKUP(A176,'APPLICANTS 2023'!A:Q,2,FALSE) -> #N/A | C176: =VLOOKUP(A176,'APPLICANTS 2023'!A:Q,3,FALSE) -> #N/A | D176: =VLOOKUP(A176,'APPLICANTS 2023'!A:Q,6,FALSE) -> #N/A | E176: =VLOOKUP(A176,'APPLICANTS 2023'!A:Q,7,FALSE) -> #N/A
B177: =VLOOKUP(A177,'APPLICANTS 2023'!A:Q,2,FALSE) -> #N/A | C177: =VLOOKUP(A177,'APPLICANTS 2023'!A:Q,3,FALSE) -> #N/A | D177: =VLOOKUP(A177,'APPLICANTS 2023'!A:Q,6,FALSE) -> #N/A | E177: =VLOOKUP(A177,'APPLICANTS 2023'!A:Q,7,FALSE) -> #N/A
B178: =VLOOKUP(A178,'APPLICANTS 2023'!A:Q,2,FALSE) -> #N/A | C178: =VLOOKUP(A178,'APPLICANTS 2023'!A:Q,3,FALSE) -> #N/A | D178: =VLOOKUP(A178,'APPLICANTS 2023'!A:Q,6,FALSE) -> #N/A | E178: =VLOOKUP(A178,'APPLICANTS 2023'!A:Q,7,FALSE) -> #N/A
B179: =VLOOKUP(A179,'APPLICANTS 2023'!A:Q,2,FALSE) -> #N/A | C179: =VLOOKUP(A179,'APPLICANTS 2023'!A:Q,3,FALSE) -> #N/A | D179: =VLOOKUP(A179,'APPLICANTS 2023'!A:Q,6,FALSE) -> #N/A | E179: =VLOOKUP(A179,'APPLICANTS 2023'!A:Q,7,FALSE) -> #N/A
B180: =VLOOKUP(A180,'APPLICANTS 2023'!A:Q,2,FALSE) -> #N/A | C180: =VLOOKUP(A180,'APPLICANTS 2023'!A:Q,3,FALSE) -> #N/A | D180: =VLOOKUP(A180,'APPLICANTS 2023'!A:Q,6,FALSE) -> #N/A | E180: =VLOOKUP(A180,'APPLICANTS 2023'!A:Q,7,FALSE) -> #N/A
B181: =VLOOKUP(A181,'APPLICANTS 2023'!A:Q,2,FALSE) -> #N/A | C181: =VLOOKUP(A181,'APPLICANTS 2023'!A:Q,3,FALSE) -> #N/A | D181: =VLOOKUP(A181,'APPLICANTS 2023'!A:Q,6,FALSE) -> #N/A | E181: =VLOOKUP(A181,'APPLICANTS 2023'!A:Q,7,FALSE) -> #N/A
B182: =VLOOKUP(A182,'APPLICANTS 2023'!A:Q,2,FALSE) -> #N/A | C182: =VLOOKUP(A182,'APPLICANTS 2023'!A:Q,3,FALSE) -> #N/A | D182: =VLOOKUP(A182,'APPLICANTS 2023'!A:Q,6,FALSE) -> #N/A | E182: =VLOOKUP(A182,'APPLICANTS 2023'!A:Q,7,FALSE) -> #N/A

Sheet MARKS
A1: REG NO | B1: STAGE | C1: J1 - HIFZ-1 | D1: J1 - HIFZ-2 | E1: J1 - TAJ -1 | F1: J1 - TAJ -2 | G1: J1 - ISMU -1 | H1: J1 - ISMU -2 | I1: J1 - MUTH -1 | J1: J1 - MUTH -2 | K1: J1 - MUTH -3 | L1: J2 - HIFZ-1 | M1: J2 - HIFZ-2 | N1: J2 - TAJ -1 | O1: J2 - TAJ -2 | P1: J2 - ISMU -1 | Q1: J2 - ISMU -2 | R1: J2 - MUTH -1 | S1: J2 - MUTH -2 | T1: J2 - MUTH -3 | U1: TOTAL | V1: NAME | W1: FATHER'S NAME | X1: I.NO | Y1: I. Name | Z1: TOWN
A2: 3030 | B2: B | C2: 20 | D2: 0 | E2: 5 | F2: 7 | G2: 0 | H2: 5 | I2: 0 | J2: 0 | K2: 0 | L2: 20 | M2: 5 | N2: 6 | O2: 3 | P2: 0 | Q2: 0 | R2: 0 | S2: 0 | T2: 0 | U2: =SUM(C2:T2) -> 71 | V2: =VLOOKUP(A2,'APPLICANTS 2023'!A:Q,2,FALSE) -> Mohamed Hasan S | W2: =VLOOKUP(A2,'APPLICANTS 2023'!A:Q,3,FALSE) -> Sowgath Ali | X2: =VLOOKUP(A2,'APPLICANTS 2023'!A:Q,6,FALSE) -> 26 | Y2: =VLOOKUP(A2,'APPLICANTS 2023'!A:Q,7,FALSE) -> Darussalam Arabic College | Z2: =VLOOKUP(A2,'APPLICANTS 2023'!A:Q,9,FALSE) -> Avaniyapuram
A3: 3007 | B3: B | C3: 18 | D3: 10 | E3: 7 | F3: 4 | G3: 5 | H3: 5 | I3: 10 | J3: 7 | K3: 0 | L3: 20 | M3: 0 | N3: 8 | O3: 8 | P3: 5 | Q3: 5 | R3: 10 | S3: 10 | T3: 0 | U3: =SUM(C3:T3) -> 132 | V3: =VLOOKUP(A3,'APPLICANTS 2023'!A:Q,2,FALSE) -> Abdullah A.R | W3: =VLOOKUP(A3,'APPLICANTS 2023'!A:Q,3,FALSE) -> Abdul Rahim M.H | X3: =VLOOKUP(A3,'APPLICANTS 2023'!A:Q,6,FALSE) -> 57 | Y3: =VLOOKUP(A3,'APPLICANTS 2023'!A:Q,7,FALSE) -> Al Makthabathul Magudhoomiyya | Z3: =VLOOKUP(A3,'APPLICANTS 2023'!A:Q,9,FALSE) -> Kayalpatnam
A4: 3020 | B4: B | C4: 20 | D4: 20 | E4: 9 | F4: 8 | G4: 5 | H4: 5 | I4: 10 | J4: 8 | K4: 0 | L4: 20 | M4: 20 | N4: 9 | O4: 9 | P4: 5 | Q4: 5 | R4: 10 | S4: 7 | T4: 0 | U4: =SUM(C4:T4) -> 170 | V4: =VLOOKUP(A4,'APPLICANTS 2023'!A:Q,2,FALSE) -> Dasthageer K.M | W4: =VLOOKUP(A4,'APPLICANTS 2023'!A:Q,3,FALSE) -> Ismail K.M | X4: =VLOOKUP(A4,'APPLICANTS 2023'!A:Q,6,FALSE) -> 72 | Y4: =VLOOKUP(A4,'APPLICANTS 2023'!A:Q,7,FALSE) -> Madrasa E Imdadiya For The Blind | Z4: =VLOOKUP(A4,'APPLICANTS 2023'!A:Q,9,FALSE) -> Melvisharam
A5: 3015 | B5: B | C5: 0 | D5: 0 | E5: 0 | F5: 0 | G5: 0 | H5: 0 | I5: 0 | J5: 0 | K5: 0 | L5: 0 | M5: 0 | N5: 0 | O5: 0 | P5: 0 | Q5: 0 | R5: 0 | S5: 0 | T5: 0 | U5: =SUM(C5:T5) -> 0 | V5: =VLOOKUP(A5,'APPLICANTS 2023'!A:Q,2,FALSE) -> Ahamed Ibrahim R | W5: =VLOOKUP(A5,'APPLICANTS 2023'!A:Q,3,FALSE) -> Rafeek MuhamedMusthafa | X5: =VLOOKUP(A5,'APPLICANTS 2023'!A:Q,6,FALSE) -> 63 | Y5: =VLOOKUP(A5,'APPLICANTS 2023'!A:Q,7,FALSE) -> SFTC Tutorial & Tution Centre | Z5: =VLOOKUP(A5,'APPLICANTS 2023'!A:Q,9,FALSE) -> Kayalpatnam
A6: 3038 | B6: B | C6: 0 | D6: 0 | E6: 0 | F6: 0 | G6: 0 | H6: 0 | I6: 0 | J6: 0 | K6: 0 | L6: 2 | M6: 0 | N6: 0 | O6: 0 | P6: 0 | Q6: 0 | R6: 0 | S6: 0 | T6: 0 | U6: =SUM(C6:T6) -> 2 | V6: =VLOOKUP(A6,'APPLICANTS 2023'!A:Q,2,FALSE) -> Mohamed Shehin S | W6: =VLOOKUP(A6,'APPLICANTS 2023'!A:Q,3,FALSE) -> Saidalavi | X6: =VLOOKUP(A6,'APPLICANTS 2023'!A:Q,6,FALSE) -> 29 | Y6: =VLOOKUP(A6,'APPLICANTS 2023'!A:Q,7,FALSE) -> Gift Islamic Academy | Z6: =VLOOKUP(A6,'APPLICANTS 2023'!A:Q,9,FALSE) -> Gudalur
A7: 3061 | B7: A | C7: 0 | D7: 7 | E7: 3 | F7: 3 | G7: 3 | H7: 3 | I7: 9 | J7: 9 | K7: 9 | L7: 8 | M7: 15 | N7: 5 | O7: 5 | P7: 4 | Q7: 4 | R7: 8 | S7: 8 | T7: 10 | U7: =SUM(C7:T7) -> 113 | V7: =VLOOKUP(A7,'APPLICANTS 2023'!A:Q,2,FALSE) -> Seyed Omer A | W7: =VLOOKUP(A7,'APPLICANTS 2023'!A:Q,3,FALSE) -> Abdullah S.O | X7: =VLOOKUP(A7,'APPLICANTS 2023'!A:Q,6,FALSE) -> 57 | Y7: =VLOOKUP(A7,'APPLICANTS 2023'!A:Q,7,FALSE) -> Al Makthabathul Magudhoomiyya | Z7: =VLOOKUP(A7,'APPLICANTS 2023'!A:Q,9,FALSE) -> Kayalpatnam
A8: 3045 | B8: A | C8: 19 | D8: 19 | E8: 8 | F8: 10 | G8: 5 | H8: 5 | I8: 10 | J8: 10 | K8: 10 | L8: 20 | M8: 18 | N8: 8 | O8: 8 | P8: 5 | Q8: 5 | R8: 10 | S8: 10 | T8: 10 | U8: =SUM(C8:T8) -> 190 | V8: =VLOOKUP(A8,'APPLICANTS 2023'!A:Q,2,FALSE) -> Mohammed Talha | W8: =VLOOKUP(A8,'APPLICANTS 2023'!A:Q,3,FALSE) -> Majeed Pasha | X8: =VLOOKUP(A8,'APPLICANTS 2023'!A:Q,6,FALSE) -> 73 | Y8: =VLOOKUP(A8,'APPLICANTS 2023'!A:Q,7,FALSE) -> Madrasa E Imdadul Uloom | Z8: =VLOOKUP(A8,'APPLICANTS 2023'!A:Q,9,FALSE) -> Pernambut
A9: 3027 | B9: A | C9: 10 | D9: 8 | E9: 7 | F9: 6 | G9: 4 | H9: 5 | I9: 8 | J9: 7 | K9: 0 | L9: 3 | M9: 7 | N9: 2 | O9: 2 | P9: 1 | Q9: 2 | R9: 2 | S9: 2 | T9: 0 | U9: =SUM(C9:T9) -> 76 | V9: =VLOOKUP(A9,'APPLICANTS 2023'!A:Q,2,FALSE) -> Mohamed Aslam R | W9: =VLOOKUP(A9,'APPLICANTS 2023'!A:Q,3,FALSE) -> Raja Mohamed | X9: =VLOOKUP(A9,'APPLICANTS 2023'!A:Q,6,FALSE) -> 56 | Y9: =VLOOKUP(A9,'APPLICANTS 2023'!A:Q,7,FALSE) -> Al Mahir Quran Memorizing School | Z9: =VLOOKUP(A9,'APPLICANTS 2023'!A:Q,9,FALSE) -> Kayalpatnam
A10: 3064 | B10: A | C10: 0 | D10: 0 | E10: 0 | F10: 0 | G10: 0 | H10: 0 | I10: 0 | J10: 0 | K10: 0 | L10: 0 | M10: 0 | N10: 0 | O10: 0 | P10: 0 | Q10: 0 | R10: 0 | S10: 0 | T10: 0 | U10: =SUM(C10:T10) -> 0 | V10: =VLOOKUP(A10,'APPLICANTS 2023'!A:Q,2,FALSE) -> Syed Hasan S.S | W10: =VLOOKUP(A10,'APPLICANTS 2023'!A:Q,3,FALSE) -> Syed Sajjath H | X10: =VLOOKUP(A10,'APPLICANTS 2023'!A:Q,6,FALSE) -> 29 | Y10: =VLOOKUP(A10,'APPLICANTS 2023'!A:Q,7,FALSE) -> Gift Islamic Academy | Z10: =VLOOKUP(A10,'APPLICANTS 2023'!A:Q,9,FALSE) -> Gudalur
A11: 3010 | B11: A | C11: 20 | D11: 15 | E11: 10 | F11: 10 | G11: 5 | H11: 5 | I11: 10 | J11: 0 | K11: 0 | L11: 18 | M11: 16 | N11: 8 | O11: 9 | P11: 5 | Q11: 5 | R11: 8 | S11: 5 | T11: 5 | U11: =SUM(C11:T11) -> 154 | V11: =VLOOKUP(A11,'APPLICANTS 2023'!A:Q,2,FALSE) -> Abdur Rahman | W11: =VLOOKUP(A11,'APPLICANTS 2023'!A:Q,3,FALSE) -> Abdul Ghani | X11: =VLOOKUP(A11,'APPLICANTS 2023'!A:Q,6,FALSE) -> 05 | Y11: =VLOOKUP(A11,'APPLICANTS 2023'!A:Q,7,FALSE) -> Madrasa Ubai Ibn Ka'b | Z11: =VLOOKUP(A11,'APPLICANTS 2023'!A:Q,9,FALSE) -> Chennai
A12: 3056 | B12: A | C12: 16 | D12: 10 | E12: 5 | F12: 5 | G12: 3 | H12: 3 | I12: 0 | J12: 0 | K12: 0 | L12: 18 | M12: 19 | N12: 8 | O12: 9 | P12: 5 | Q12: 5 | R12: 8 | S12: 0 | T12: 0 | U12: =SUM(C12:T12) -> 114 | V12: =VLOOKUP(A12,'APPLICANTS 2023'!A:Q,2,FALSE) -> Nihaal M | W12: =VLOOKUP(A12,'APPLICANTS 2023'!A:Q,3,FALSE) -> Mohammed Haneefa | X12: =VLOOKUP(A12,'APPLICANTS 2023'!A:Q,6,FALSE) -> 12 | Y12: =VLOOKUP(A12,'APPLICANTS 2023'!A:Q,7,FALSE) -> Pristine Public School | Z12: =VLOOKUP(A12,'APPLICANTS 2023'!A:Q,9,FALSE) -> Coimbatore
A13: 1524 | B13: C | C13: 8 | D13: 8 | E13: 6 | F13: 6 | G13: 5 | H13: 0 | I13: 2 | J13: 2 | K13: 2 | L13: 8 | M13: 8 | N13: 5 | O13: 5 | P13: 0 | Q13: 0 | R13: 3 | S13: 3 | T13: 3 | U13: =SUM(C13:T13) -> 74 | V13: =VLOOKUP(A13,'APPLICANTS 2023'!A:Q,2,FALSE) -> Mohamed Munaf | W13: =VLOOKUP(A13,'APPLICANTS 2023'!A:Q,3,FALSE) -> Dulfikar Hasan | X13: =VLOOKUP(A13,'APPLICANTS 2023'!A:Q,6,FALSE) -> 36 | Y13: =VLOOKUP(A13,'APPLICANTS 2023'!A:Q,7,FALSE) -> Al-Aqsa Quran Study Center | Z13: =VLOOKUP(A13,'APPLICANTS 2023'!A:Q,9,FALSE) -> Kilakarai
... A76: 1540 | B76: C | C76: 17 | D76: 0 | E76: 7 | F76: 0 | G76: 5 | H76: 0 | I76: 0 | J76: 8 | K76: 0 | L76: 14 | M76: 0 | N76: 4 | O76: 0 | P76: 5 | Q76: 0 | R76: 8 | S76: 0 | T76: 0 | U76: =SUM(C76:T76) -> 68 | V76: =VLOOKUP(A76,'APPLICANTS 2023'!A:Q,2,FALSE) -> Nijardeen T | W76: =VLOOKUP(A76,'APPLICANTS 2023'!A:Q,3,FALSE) -> Tajdeen | X76: =VLOOKUP(A76,'APPLICANTS 2023'!A:Q,6,FALSE) -> 33 | Y76: =VLOOKUP(A76,'APPLICANTS 2023'!A:Q,7,FALSE) -> Bright Islamic School | Z76: =VLOOKUP(A76,'APPLICANTS 2023'!A:Q,9,FALSE) -> Karambakkudi
A77: 1520 | B77: C | C77: 20 | D77: 16 | E77: 7 | F77: 8 | G77: 5 | H77: 5 | I77: 10 | J77: 0 | K77: 0 | L77: 2 | M77: 16 | O77: 7 | P77: 5 | Q77: 5 | R77: 10 | S77: 0 | T77: 0 | U77: =SUM(C77:T77) -> 116 | V77: =VLOOKUP(A77,'APPLICANTS 2023'!A:Q,2,FALSE) -> Jumail Ahmed | W77: =VLOOKUP(A77,'APPLICANTS 2023'!A:Q,3,FALSE) -> Mohammed Rafeek K | X77: =VLOOKUP(A77,'APPLICANTS 2023'!A:Q,6,FALSE) -> 45 | Y77: =VLOOKUP(A77,'APPLICANTS 2023'!A:Q,7,FALSE) -> Al Jamiyathul Islamiya | Z77: =VLOOKUP(A77,'APPLICANTS 2023'!A:Q,9,FALSE) -> Ayyampet
A78: 3057 | B78: A | C78: 8 | D78: 3 | E78: 2 | F78: 2 | G78: 1 | H78: 1 | I78: 0 | J78: 0 | K78: 0 | L78: 16 | M78: 17 | N78: 8 | O78: 4 | P78: 5 | Q78: 5 | R78: 8 | S78: 0 | T78: 0 | U78: =SUM(C78:T78) -> 80 | V78: =VLOOKUP(A78,'APPLICANTS 2023'!A:Q,2,FALSE) -> Omer Abdul Caser S.M | W78: =VLOOKUP(A78,'APPLICANTS 2023'!A:Q,3,FALSE) -> Seyed Mohammed O.A.C | X78: =VLOOKUP(A78,'APPLICANTS 2023'!A:Q,6,FALSE) -> 04 | Y78: =VLOOKUP(A78,'APPLICANTS 2023'!A:Q,7,FALSE) -> Kilakarai Bukhari Aalim Arabic College | Z78: =VLOOKUP(A78,'APPLICANTS 2023'!A:Q,9,FALSE) -> Chennai
A79: 3009 | B79: A | C79: 20 | D79: 20 | E79: 9 | F79: 9 | G79: 5 | H79: 3 | I79: 10 | J79: 7 | K79: 0 | L79: 20 | M79: 20 | N79: 9 | O79: 10 | P79: 0 | Q79: 5 | R79: 10 | S79: 8 | T79: 8 | U79: =SUM(C79:T79) -> 173 | V79: =VLOOKUP(A79,'APPLICANTS 2023'!A:Q,2,FALSE) -> Abdullah M.S.H | W79: =VLOOKUP(A79,'APPLICANTS 2023'!A:Q,3,FALSE) -> Mohammed Seyed Hashan M.A.K | X79: =VLOOKUP(A79,'APPLICANTS 2023'!A:Q,6,FALSE) -> 06 | Y79: =VLOOKUP(A79,'APPLICANTS 2023'!A:Q,7,FALSE) -> Measi Matriculation Hr Sec School | Z79: =VLOOKUP(A79,'APPLICANTS 2023'!A:Q,9,FALSE) -> Chennai
A80: 527 | B80: D | C80: 20 | D80: 20 | E80: 6 | F80: 10 | G80: 5 | H80: 5 | I80: 10 | J80: 15 | K80: 0 | L80: 15 | M80: 20 | N80: 8 | O80: 7 | P80: 5 | Q80: 5 | R80: 15 | S80: 15 | T80: 0 | U80: =SUM(C80:T80) -> 181 | V80: =VLOOKUP(A80,'APPLICANTS 2023'!A:Q,2,FALSE) -> Mohamed Ibrahim T.S.M | W80: =VLOOKUP(A80,'APPLICANTS 2023'!A:Q,3,FALSE) -> Mohamed Eassa T.A.S | X80: =VLOOKUP(A80,'APPLICANTS 2023'!A:Q,6,FALSE) -> 27 | Y80: =VLOOKUP(A80,'APPLICANTS 2023'!A:Q,7,FALSE) -> Jannathul Firdowse Hifl Madrasa | Z80: =VLOOKUP(A80,'APPLICANTS 2023'!A:Q,9,FALSE) -> Madurai
A81: 542 | B81: D | C81: 15 | D81: 10 | E81: 6 | F81: 5 | G81: 5 | H81: 0 | I81: 9 | J81: 5 | K81: 0 | L81: 15 | M81: 5 | N81: 6 | O81: 5 | P81: 5 | Q81: 0 | R81: 15 | S81: 12 | T81: 0 | U81: =SUM(C81:T81) -> 118 | V81: =VLOOKUP(A81,'APPLICANTS 2023'!A:Q,2,FALSE) -> Mohammed Moin | W81: =VLOOKUP(A81,'APPLICANTS 2023'!A:Q,3,FALSE) -> Mohammed Murshid | X81: =VLOOKUP(A81,'APPLICANTS 2023'!A:Q,6,FALSE) -> 16 | Y81: =VLOOKUP(A81,'APPLICANTS 2023'!A:Q,7,FALSE) -> Madrasa-E-Merajul Uloom | Z81: =VLOOKUP(A81,'APPLICANTS 2023'!A:Q,9,FALSE) -> Dharmapuri
A82: 503 | B82: D | C82: 15 | D82: 18 | E82: 6 | F82: 5 | G82: 5 | H82: 5 | I82: 12 | J82: 11 | K82: 0 | L82: 15 | M82: 17 | N82: 5 | O82: 5 | P82: 5 | Q82: 5 | R82: 10 | S82: 15 | T82: 0 | U82: =SUM(C82:T82) -> 154 | V82: =VLOOKUP(A82,'APPLICANTS 2023'!A:Q,2,FALSE) -> Abdul Kaathir J.M | W82: =VLOOKUP(A82,'APPLICANTS 2023'!A:Q,3,FALSE) -> Jamal Mohamed A.K | X82: =VLOOKUP(A82,'APPLICANTS 2023'!A:Q,6,FALSE) -> 58 | Y82: =VLOOKUP(A82,'APPLICANTS 2023'!A:Q,7,FALSE) -> L.K.Higher Secondary School | Z82: =VLOOKUP(A82,'APPLICANTS 2023'!A:Q,9,FALSE) -> Kayalpatnam
A83: 504 | B83: D | C83: 13 | D83: 12 | E83: 7 | F83: 5 | G83: 5 | H83: 5 | I83: 12 | J83: 15 | K83: 0 | L83: 15 | M83: 13 | N83: 9 | O83: 12 | P83: 5 | Q83: 5 | R83: 10 | S83: 10 | T83: 0 | U83: =SUM(C83:T83) -> 153 | V83: =VLOOKUP(A83,'APPLICANTS 2023'!A:Q,2,FALSE) -> Abdullah A | W83: =VLOOKUP(A83,'APPLICANTS 2023'!A:Q,3,FALSE) -> Abdul Nazer V.M | X83: =VLOOKUP(A83,'APPLICANTS 2023'!A:Q,6,FALSE) -> 29 | Y83: =VLOOKUP(A83,'APPLICANTS 2023'!A:Q,7,FALSE) -> Gift Islamic Academy | Z83: =VLOOKUP(A83,'APPLICANTS 2023'!A:Q,9,FALSE) -> Gudalur
A84: 532 | B84: D | C84: 10 | D84: 10 | E84: 5 | F84: 9 | G84: 5 | H84: 5 | I84: 15 | J84: 15 | K84: 0 | L84: 8 | M84: 13 | N84: 7 | O84: 7 | P84: 5 | Q84: 5 | R84: 15 | S84: 15 | T84: 0 | U84: =SUM(C84:T84) -> 149 | V84: =VLOOKUP(A84,'APPLICANTS 2023'!A:Q,2,FALSE) -> Mohamed Tanzeem I | W84: =VLOOKUP(A84,'APPLICANTS 2023'!A:Q,3,FALSE) -> Ifthihar Rahman | X84: =VLOOKUP(A84,'APPLICANTS 2023'!A:Q,6,FALSE) -> 32 | Y84: =VLOOKUP(A84,'APPLICANTS 2023'!A:Q,7,FALSE) -> Al Munawara Islamic School | Z84: =VLOOKUP(A84,'APPLICANTS 2023'!A:Q,9,FALSE) -> Sivapuram
A85: 512 | B85: E | C85: 15 | D85: 0 | E85: 10 | F85: 6 | G85: 5 | H85: 5 | I85: 10 | J85: 0 | K85: 0 | L85: 15 | M85: 10 | N85: 5 | O85: 6 | P85: 5 | Q85: 5 | R85: 10 | S85: 0 | T85: 0 | U85: =SUM(C85:T85) -> 107 | V85: =VLOOKUP(A85,'APPLICANTS 2023'!A:Q,2,FALSE) -> Ahnaf T.A | W85: =VLOOKUP(A85,'APPLICANTS 2023'!A:Q,3,FALSE) -> Thameem Ansari T | X85: =VLOOKUP(A85,'APPLICANTS 2023'!A:Q,6,FALSE) -> 60 | Y85: =VLOOKUP(A85,'APPLICANTS 2023'!A:Q,7,FALSE) -> Madarasathul Azhar Li Thahfeezil Quranil Kareem | Z85: =VLOOKUP(A85,'APPLICANTS 2023'!A:Q,9,FALSE) -> Kayalpatnam
A86: 529 | B86: E | C86: 20 | D86: 15 | E86: 10 | F86: 10 | G86: 5 | H86: 5 | I86: 15 | J86: 15 | K86: 0 | L86: 20 | M86: 18 | N86: 10 | O86: 10 | P86: 5 | Q86: 5 | R86: 15 | S86: 15 | T86: 0 | U86: =SUM(C86:T86) -> 193 | V86: =VLOOKUP(A86,'APPLICANTS 2023'!A:Q,2,FALSE) -> Mohamed Mubid | W86: =VLOOKUP(A86,'APPLICANTS 2023'!A:Q,3,FALSE) -> Ameer John | X86: =VLOOKUP(A86,'APPLICANTS 2023'!A:Q,6,FALSE) -> 40 | Y86: =VLOOKUP(A86,'APPLICANTS 2023'!A:Q,7,FALSE) -> Hameedia Elementary School | Z86: =VLOOKUP(A86,'APPLICANTS 2023'!A:Q,9,FALSE) -> Ilayangudi
A87: 555 | B87: E | C87: 15 | D87: 12 | E87: 8 | F87: 8 | G87: 5 | H87: 5 | I87: 15 | J87: 15 | K87: 0 | L87: 5 | M87: 5 | N87: 8 | O87: 8 | P87: 5 | Q87: 5 | R87: 15 | S87: 15 | T87: 0 | U87: =SUM(C87:T87) -> 149 | V87: =VLOOKUP(A87,'APPLICANTS 2023'!A:Q,2,FALSE) -> Rayyaan H | W87: =VLOOKUP(A87,'APPLICANTS 2023'!A:Q,3,FALSE) -> Haja Mohaitheen | X87: =VLOOKUP(A87,'APPLICANTS 2023'!A:Q,6,FALSE) -> 56 | Y87: =VLOOKUP(A87,'APPLICANTS 2023'!A:Q,7,FALSE) -> Al Mahir Quran Memorizing School | Z87: =VLOOKUP(A87,'APPLICANTS 2023'!A:Q,9,FALSE) -> Kayalpatnam
A88: 521 | B88: E | C88: 5 | D88: 15 | E88: 10 | F88: 10 | G88: 5 | H88: 5 | I88: 12.5 | J88: 13 | K88: 0 | L88: 15 | M88: 15 | N88: 8 | O88: 8 | P88: 5 | Q88: 5 | R88: 8 | S88: 8 | T88: 0 | U88: =SUM(C88:T88) -> 147.5 | V88: =VLOOKUP(A88,'APPLICANTS 2023'!A:Q,2,FALSE) -> Farzeen | W88: =VLOOKUP(A88,'APPLICANTS 2023'!A:Q,3,FALSE) -> Hasan Fareed | X88: =VLOOKUP(A88,'APPLICANTS 2023'!A:Q,6,FALSE) -> 36 | Y88: =VLOOKUP(A88,'APPLICANTS 2023'!A:Q,7,FALSE) -> Al-Aqsa Quran Study Center | Z88: =VLOOKUP(A88,'APPLICANTS 2023'!A:Q,9,FALSE) -> Kilakarai
A89: 536 | B89: E | C89: 15 | D89: 20 | E89: 8 | F89: 8 | G89: 0 | H89: 0 | I89: 8 | J89: 8 | K89: 0 | L89: 5 | M89: 10 | N89: 10 | O89: 10 | P89: 0 | Q89: 0 | R89: 10 | S89: 15 | T89: 0 | U89: =SUM(C89:T89) -> 127 | V89: =VLOOKUP(A89,'APPLICANTS 2023'!A:Q,2,FALSE) -> Mohammed Ali R | W89: =VLOOKUP(A89,'APPLICANTS 2023'!A:Q,3,FALSE) -> Raja Hussain | X89: =VLOOKUP(A89,'APPLICANTS 2023'!A:Q,6,FALSE) -> 27 | Y89: =VLOOKUP(A89,'APPLICANTS 2023'!A:Q,7,FALSE) -> Jannathul Firdowse Hifl Madrasa | Z89: =VLOOKUP(A89,'APPLICANTS 2023'!A:Q,9,FALSE) -> Madurai
... A175: 1536 | B175: C | C175: 16 | D175: 10 | E175: 6 | F175: 4 | G175: 5 | H175: 5 | I175: 6 | J175: 10 | K175: 10 | L175: 16 | M175: 10 | N175: 8 | O175: 8 | P175: 5 | Q175: 5 | R175: 8 | S175: 10 | T175: 10 | U175: =SUM(C175:T175) -> 152 | V175: =VLOOKUP(A175,'APPLICANTS 2023'!A:Q,2,FALSE) -> Muhammad Faahim | W175: =VLOOKUP(A175,'APPLICANTS 2023'!A:Q,3,FALSE) -> Maashukur Rahman | X175: =VLOOKUP(A175,'APPLICANTS 2023'!A:Q,6,FALSE) -> 32 | Y175: =VLOOKUP(A175,'APPLICANTS 2023'!A:Q,7,FALSE) -> Al Munawara Islamic School | Z175: =VLOOKUP(A175,'APPLICANTS 2023'!A:Q,9,FALSE) -> Sivapuram
U176: =SUM(C176:T176) -> 0 | V176: =VLOOKUP(A176,'APPLICANTS 2023'!A:Q,2,FALSE) -> #N/A | W176: =VLOOKUP(A176,'APPLICANTS 2023'!A:Q,3,FALSE) -> #N/A | X176: =VLOOKUP(A176,'APPLICANTS 2023'!A:Q,6,FALSE) -> #N/A | Y176: =VLOOKUP(A176,'APPLICANTS 2023'!A:Q,7,FALSE) -> #N/A | Z176: =VLOOKUP(A176,'APPLICANTS 2023'!A:Q,9,FALSE) -> #N/A
U177: =SUM(C177:T177) -> 0 | V177: =VLOOKUP(A177,'APPLICANTS 2023'!A:Q,2,FALSE) -> #N/A | W177: =VLOOKUP(A177,'APPLICANTS 2023'!A:Q,3,FALSE) -> #N/A | X177: =VLOOKUP(A177,'APPLICANTS 2023'!A:Q,6,FALSE) -> #N/A | Y177: =VLOOKUP(A177,'APPLICANTS 2023'!A:Q,7,FALSE) -> #N/A | Z177: =VLOOKUP(A177,'APPLICANTS 2023'!A:Q,9,FALSE) -> #N/A
U178: =SUM(C178:T178) -> 0 | V178: =VLOOKUP(A178,'APPLICANTS 2023'!A:Q,2,FALSE) -> #N/A | W178: =VLOOKUP(A178,'APPLICANTS 2023'!A:Q,3,FALSE) -> #N/A | X178: =VLOOKUP(A178,'APPLICANTS 2023'!A:Q,6,FALSE) -> #N/A | Y178: =VLOOKUP(A178,'APPLICANTS 2023'!A:Q,7,FALSE) -> #N/A | Z178: =VLOOKUP(A178,'APPLICANTS 2023'!A:Q,9,FALSE) -> #N/A
U179: =SUM(C179:T179) -> 0 | V179: =VLOOKUP(A179,'APPLICANTS 2023'!A:Q,2,FALSE) -> #N/A | W179: =VLOOKUP(A179,'APPLICANTS 2023'!A:Q,3,FALSE) -> #N/A | X179: =VLOOKUP(A179,'APPLICANTS 2023'!A:Q,6,FALSE) -> #N/A | Y179: =VLOOKUP(A179,'APPLICANTS 2023'!A:Q,7,FALSE) -> #N/A | Z179: =VLOOKUP(A179,'APPLICANTS 2023'!A:Q,9,FALSE) -> #N/A
U180: =SUM(C180:T180) -> 0 | V180: =VLOOKUP(A180,'APPLICANTS 2023'!A:Q,2,FALSE) -> #N/A | W180: =VLOOKUP(A180,'APPLICANTS 2023'!A:Q,3,FALSE) -> #N/A | X180: =VLOOKUP(A180,'APPLICANTS 2023'!A:Q,6,FALSE) -> #N/A | Y180: =VLOOKUP(A180,'APPLICANTS 2023'!A:Q,7,FALSE) -> #N/A | Z180: =VLOOKUP(A180,'APPLICANTS 2023'!A:Q,9,FALSE) -> #N/A
U181: =SUM(C181:T181) -> 0 | V181: =VLOOKUP(A181,'APPLICANTS 2023'!A:Q,2,FALSE) -> #N/A | W181: =VLOOKUP(A181,'APPLICANTS 2023'!A:Q,3,FALSE) -> #N/A | X181: =VLOOKUP(A181,'APPLICANTS 2023'!A:Q,6,FALSE) -> #N/A | Y181: =VLOOKUP(A181,'APPLICANTS 2023'!A:Q,7,FALSE) -> #N/A | Z181: =VLOOKUP(A181,'APPLICANTS 2023'!A:Q,9,FALSE) -> #N/A
U182: =SUM(C182:T182) -> 0 | V182: =VLOOKUP(A182,'APPLICANTS 2023'!A:Q,2,FALSE) -> #N/A | W182: =VLOOKUP(A182,'APPLICANTS 2023'!A:Q,3,FALSE) -> #N/A | X182: =VLOOKUP(A182,'APPLICANTS 2023'!A:Q,6,FALSE) -> #N/A | Y182: =VLOOKUP(A182,'APPLICANTS 2023'!A:Q,7,FALSE) -> #N/A | Z182: =VLOOKUP(A182,'APPLICANTS 2023'!A:Q,9,FALSE) -> #N/A

Sheet MARKS FINAL
A1: REG NO | B1: STAGE | C1: J1 - HIFZ-1 | D1: J1 - TAJ -1 | E1: J1 - ISMU -1 | F1: J1 - MUTH -11 | G1: J1 - MUTH -12 | H1: J1 - MUTH -13 | I1: J1 - MUTH -14 | J1: J1 - MUTH -21 | K1: J1 - MUTH -22 | L1: J1 - MUTH -23 | M1: J1 - MUTH -24 | N1: J2 - HIFZ-1 | O1: J2 - TAJ -1 | P1: J2 - ISMU -1 | Q1: J2 - MUTH -11 | R1: J2 - MUTH -12 | S1: J2 - MUTH -13 | T1: J2 - MUTH -14 | U1: J2 - MUTH -21 | V1: J2 - MUTH -22 | W1: J2 - MUTH -23 | X1: J2 - MUTH -24 | Y1: J3 - HIFZ-1 | Z1: J3 - TAJ -1 | AA1: J3 - ISMU -1 | AB1: J3 - MUTH -11 | AC1: J3 - MUTH -12 | AD1: J3 - MUTH -13 | AE1: J3 - MUTH -14 | AF1: J3 - MUTH -21 | AG1: J3 - MUTH -22 | AH1: J3 - MUTH -23 | AI1: J3 - MUTH -24 | AJ1: TOTAL | AK1: NAME | AL1: FATHER'S NAME | AM1: I.NO | AN1: I. Name | AO1: TOWN
A2: 557 | B2: 5 | C2: 25 | D2: 7 | E2: 5 | F2: 10 | G2: 0 | H2: 0 | I2: 0 | J2: 10 | K2: 10 | L2: 8 | M2: 0 | N2: 25 | O2: 10 | P2: 5 | Q2: 10 | R2: 0 | S2: 0 | T2: 0 | U2: 10 | V2: 10 | W2: 10 | X2: 0 | Y2: 25 | Z2: 7 | AA2: 5 | AB2: 10 | AC2: 0 | AD2: 0 | AE2: 0 | AF2: 10 | AG2: 10 | AH2: 10 | AI2: 0 | AJ2: =SUM(C2:AI2) -> 232 | AK2: =VLOOKUP(A2,'APPLICANTS 2023'!A:Q,2,FALSE) -> Sadhu Hamthan | AL2: =VLOOKUP(A2,'APPLICANTS 2023'!A:Q,3,FALSE) -> Omar Abdullah | AM2: =VLOOKUP(A2,'APPLICANTS 2023'!A:Q,6,FALSE) -> 23 | AN2: =VLOOKUP(A2,'APPLICANTS 2023'!A:Q,7,FALSE) -> Ubay Ibn Ka'b Hifz Madarsa | AO2: =VLOOKUP(A2,'APPLICANTS 2023'!A:Q,9,FALSE) -> Dharmapuram
A3: 507 | B3: 5 | C3: 25 | D3: 8 | E3: 5 | F3: 8 | G3: 10 | H3: 0 | I3: 0 | J3: 10 | K3: 10 | L3: 7 | M3: 0 | N3: 25 | O3: 9 | P3: 5 | Q3: 10 | R3: 10 | S3: 0 | T3: 0 | U3: 10 | V3: 10 | W3: 10 | X3: 0 | Y3: 24 | Z3: 8 | AA3: 5 | AB3: 8 | AC3: 10 | AD3: 0 | AE3: 0 | AF3: 10 | AG3: 8 | AH3: 10 | AI3: 0 | AJ3: =SUM(C3:AI3) -> 255 | AK3: =VLOOKUP(A3,'APPLICANTS 2023'!A:Q,2,FALSE) -> Abdur Rahman N | AL3: =VLOOKUP(A3,'APPLICANTS 2023'!A:Q,3,FALSE) -> Nizar Hussain A | AM3: =VLOOKUP(A3,'APPLICANTS 2023'!A:Q,6,FALSE) -> 20 | AN3: =VLOOKUP(A3,'APPLICANTS 2023'!A:Q,7,FALSE) -> Al Jamiathul Firdousiya Arabic College | AO3: =VLOOKUP(A3,'APPLICANTS 2023'!A:Q,9,FALSE) -> Nagercoil
A4: 565 | B4: 5 | C4: 22 | D4: 7 | E4: 5 | F4: 10 | G4: 10 | H4: 0 | I4: 0 | J4: 10 | K4: 0 | L4: 0 | M4: 0 | N4: 23 | O4: 7 | P4: 5 | Q4: 10 | R4: 10 | S4: 0 | T4: 0 | U4: 10 | V4: 0 | W4: 0 | X4: 0 | Y4: 21 | Z4: 5 | AA4: 5 | AB4: 10 | AC4: 10 | AD4: 0 | AE4: 0 | AF4: 10 | AG4: 0 | AH4: 0 | AI4: 0 | AJ4: =SUM(C4:AI4) -> 190 | AK4: =VLOOKUP(A4,'APPLICANTS 2023'!A:Q,2,FALSE) -> Zakwan G | AL4: =VLOOKUP(A4,'APPLICANTS 2023'!A:Q,3,FALSE) -> Abdul Rahman G | AM4: =VLOOKUP(A4,'APPLICANTS 2023'!A:Q,6,FALSE) -> 71 | AN4: =VLOOKUP(A4,'APPLICANTS 2023'!A:Q,7,FALSE) -> Jamia Darussalam Arabic College | AO4: =VLOOKUP(A4,'APPLICANTS 2023'!A:Q,9,FALSE) -> Oomerabad
A5: 556 | B5: 5 | C5: 23 | D5: 8 | E5: 5 | F5: 7 | G5: 10 | H5: 10 | I5: 0 | J5: 10 | K5: 8 | L5: 0 | M5: 0 | N5: 23 | O5: 8 | P5: 5 | Q5: 10 | R5: 10 | S5: 10 | T5: 0 | U5: 10 | V5: 7 | W5: 0 | X5: 0 | Y5: 25 | Z5: 7 | AA5: 5 | AB5: 7 | AC5: 10 | AD5: 10 | AE5: 0 | AF5: 10 | AG5: 8 | AH5: 0 | AI5: 0 | AJ5: =SUM(C5:AI5) -> 246 | AK5: =VLOOKUP(A5,'APPLICANTS 2023'!A:Q,2,FALSE) -> Saad | AL5: =VLOOKUP(A5,'APPLICANTS 2023'!A:Q,3,FALSE) -> Sirajur Rehaman | AM5: =VLOOKUP(A5,'APPLICANTS 2023'!A:Q,6,FALSE) -> 71 | AN5: =VLOOKUP(A5,'APPLICANTS 2023'!A:Q,7,FALSE) -> Jamia Darussalam Arabic College | AO5: =VLOOKUP(A5,'APPLICANTS 2023'!A:Q,9,FALSE) -> Oomerabad
A6: 562 | B6: 5 | C6: 0 | D6: 8 | E6: 5 | F6: 10 | G6: 10 | H6: 0 | I6: 0 | J6: 10 | K6: 8 | L6: 0 | M6: 0 | N6: 0 | O6: 5 | P6: 5 | Q6: 8 | R6: 10 | S6: 0 | T6: 0 | U6: 8 | V6: 10 | W6: 0 | X6: 0 | Y6: 0 | Z6: 7 | AA6: 5 | AB6: 8 | AC6: 9 | AD6: 0 | AE6: 0 | AF6: 8 | AG6: 9 | AH6: 0 | AI6: 0 | AJ6: =SUM(C6:AI6) -> 143 | AK6: =VLOOKUP(A6,'APPLICANTS 2023'!A:Q,2,FALSE) -> Umar H | AL6: =VLOOKUP(A6,'APPLICANTS 2023'!A:Q,3,FALSE) -> Hasan Ali | AM6: =VLOOKUP(A6,'APPLICANTS 2023'!A:Q,6,FALSE) -> 23 | AN6: =VLOOKUP(A6,'APPLICANTS 2023'!A:Q,7,FALSE) -> Ubay Ibn Ka'b Hifz Madarsa | AO6: =VLOOKUP(A6,'APPLICANTS 2023'!A:Q,9,FALSE) -> Dharmapuram
A7: 511 | B7: 5 | C7: 22 | D7: 8 | E7: 5 | F7: 10 | G7: 8 | H7: 10 | I7: 0 | J7: 5 | K7: 10 | L7: 8 | M7: 0 | N7: 24 | O7: 9 | P7: 5 | Q7: 9 | R7: 9 | S7: 10 | T7: 0 | U7: 6 | V7: 10 | W7: 9 | X7: 0 | Y7: 22 | Z7: 7 | AA7: 5 | AB7: 10 | AC7: 7 | AD7: 10 | AE7: 0 | AF7: 5 | AG7: 10 | AH7: 9 | AI7: 0 | AJ7: =SUM(C7:AI7) -> 262 | AK7: =VLOOKUP(A7,'APPLICANTS 2023'!A:Q,2,FALSE) -> Ahmed Ibrahim S | AL7: =VLOOKUP(A7,'APPLICANTS 2023'!A:Q,3,FALSE) -> Sahul Hameed | AM7: =VLOOKUP(A7,'APPLICANTS 2023'!A:Q,6,FALSE) -> 58 | AN7: =VLOOKUP(A7,'APPLICANTS 2023'!A:Q,7,FALSE) -> L.K.Higher Secondary School | AO7: =VLOOKUP(A7,'APPLICANTS 2023'!A:Q,9,FALSE) -> Kayalpatnam
A8: 553 | B8: 5 | C8: 0 | D8: 6 | E8: 5 | F8: 7 | G8: 8 | H8: 8 | I8: 0 | J8: 7 | K8: 0 | L8: 0 | M8: 0 | N8: 0 | O8: 0 | P8: 5 | Q8: 5 | R8: 8 | S8: 10 | T8: 0 | U8: 8 | V8: 0 | W8: 0 | X8: 0 | Y8: 0 | Z8: 0 | AA8: 5 | AB8: 8 | AC8: 6 | AD8: 8 | AE8: 0 | AF8: 9 | AG8: 0 | AH8: 0 | AI8: 0 | AJ8: =SUM(C8:AI8) -> 113 | AK8: =VLOOKUP(A8,'APPLICANTS 2023'!A:Q,2,FALSE) -> Muslim S | AL8: =VLOOKUP(A8,'APPLICANTS 2023'!A:Q,3,FALSE) -> Syed Sulaiman A | AM8: =VLOOKUP(A8,'APPLICANTS 2023'!A:Q,6,FALSE) -> 44 | AN8: =VLOOKUP(A8,'APPLICANTS 2023'!A:Q,7,FALSE) -> Madhrasathul Muslimeen Quran Memorizing School (JAQH) | AO8: =VLOOKUP(A8,'APPLICANTS 2023'!A:Q,9,FALSE) -> Tenkasi
A9: 517 | B9: 5 | C9: 25 | D9: 5 | E9: 5 | F9: 10 | G9: 10 | H9: 10 | I9: 0 | J9: 10 | K9: 10 | L9: 10 | M9: 0 | N9: 25 | O9: 10 | P9: 5 | Q9: 10 | R9: 10 | S9: 10 | T9: 0 | U9: 10 | V9: 10 | W9: 10 | X9: 0 | Y9: 23 | Z9: 7 | AA9: 5 | AB9: 10 | AC9: 10 | AD9: 10 | AE9: 0 | AF9: 10 | AG9: 10 | AH9: 7 | AI9: 0 | AJ9: =SUM(C9:AI9) -> 287 | AK9: =VLOOKUP(A9,'APPLICANTS 2023'!A:Q,2,FALSE) -> Anas Abdullah M.A | AL9: =VLOOKUP(A9,'APPLICANTS 2023'!A:Q,3,FALSE) -> Mogudoom Alaudeen H.M.F | AM9: =VLOOKUP(A9,'APPLICANTS 2023'!A:Q,6,FALSE) -> 60 | AN9: =VLOOKUP(A9,'APPLICANTS 2023'!A:Q,7,FALSE) -> Madarasathul Azhar Li Thahfeezil Quranil Kareem | AO9: =VLOOKUP(A9,'APPLICANTS 2023'!A:Q,9,FALSE) -> Kayalpatnam
A10: 527 | B10: 5 | C10: 21 | D10: 6 | E10: 5 | F10: 9 | G10: 0 | H10: 0 | I10: 0 | J10: 7 | K10: 0 | L10: 0 | M10: 0 | N10: 18 | O10: 5 | P10: 5 | Q10: 8 | R10: 0 | S10: 0 | T10: 0 | U10: 6 | V10: 0 | W10: 0 | X10: 0 | Y10: 16 | Z10: 5 | AA10: 5 | AB10: 5 | AC10: 0 | AD10: 0 | AE10: 0 | AF10: 6 | AG10: 0 | AH10: 0 | AI10: 0 | AJ10: =SUM(C10:AI10) -> 127 | AK10: =VLOOKUP(A10,'APPLICANTS 2023'!A:Q,2,FALSE) -> Mohamed Ibrahim T.S.M | AL10: =VLOOKUP(A10,'APPLICANTS 2023'!A:Q,3,FALSE) -> Mohamed Eassa T.A.S | AM10: =VLOOKUP(A10,'APPLICANTS 2023'!A:Q,6,FALSE) -> 27 | AN10: =VLOOKUP(A10,'APPLICANTS 2023'!A:Q,7,FALSE) -> Jannathul Firdowse Hifl Madrasa | AO10: =VLOOKUP(A10,'APPLICANTS 2023'!A:Q,9,FALSE) -> Madurai
A11: 535 | B11: 5 | C11: 25 | D11: 5 | E11: 5 | F11: 10 | G11: 10 | H11: 10 | I11: 0 | J11: 8 | K11: 10 | L11: 0 | M11: 0 | N11: 24 | O11: 6 | P11: 5 | Q11: 10 | R11: 10 | S11: 10 | T11: 0 | U11: 10 | V11: 8 | W11: 0 | X11: 0 | Y11: 22 | Z11: 5 | AA11: 5 | AB11: 10 | AC11: 10 | AD11: 10 | AE11: 0 | AF11: 10 | AG11: 10 | AH11: 0 | AI11: 0 | AJ11: =SUM(C11:AI11) -> 248 | AK11: =VLOOKUP(A11,'APPLICANTS 2023'!A:Q,2,FALSE) -> Mohammed Abubakkar Siddeiq M.S | AL11: =VLOOKUP(A11,'APPLICANTS 2023'!A:Q,3,FALSE) -> Mohammed Sulaiman | AM11: =VLOOKUP(A11,'APPLICANTS 2023'!A:Q,6,FALSE) -> 38 | AN11: =VLOOKUP(A11,'APPLICANTS 2023'!A:Q,7,FALSE) -> Madhrasa-E-Noorul Islam Arabic College | AO11: =VLOOKUP(A11,'APPLICANTS 2023'!A:Q,9,FALSE) -> Salem
A12: 1521 | B12: 15 | C12: 24 | D12: 9 | E12: 5 | F12: 7.5 | G12: 6 | H12: 6 | I12: 0 | J12: 6 | K12: 0 | L12: 0 | M12: 0 | N12: 20 | O12: 8 | P12: 4 | Q12: 7.5 | R12: 7.5 | S12: 5 | T12: 0 | U12: 7.5 | V12: 7.5 | W12: 4 | X12: 0 | Y12: 25 | Z12: 9 | AA12: 5 | AB12: 7.5 | AC12: 7.5 | AD12: 7.5 | AE12: 0 | AF12: 7.5 | AG12: 7.5 | AH12: 5 | AI12: 0 | AJ12: =SUM(C12:AI12) -> 216 | AK12: =VLOOKUP(A12,'APPLICANTS 2023'!A:Q,2,FALSE) -> Kifayathullah | AL12: =VLOOKUP(A12,'APPLICANTS 2023'!A:Q,3,FALSE) -> Abdul Gafoor | AM12: =VLOOKUP(A12,'APPLICANTS 2023'!A:Q,6,FALSE) -> 46 | AN12: =VLOOKUP(A12,'APPLICANTS 2023'!A:Q,7,FALSE) -> Al Madharasathul Salahiyya Arabic College | AO12: =VLOOKUP(A12,'APPLICANTS 2023'!A:Q,9,FALSE) -> Adirampattinam
A13: 1542 | B13: 15 | C13: 20 | D13: 9 | E13: 5 | F13: 6.5 | G13: 0 | H13: 0 | I13: 0 | J13: 7.5 | K13: 7.5 | L13: 7.5 | M13: 7.5 | N13: 20 | O13: 9 | P13: 5 | Q13: 7.5 | R13: 0 | S13: 7.5 | T13: 5 | U13: 0 | V13: 0 | W13: 2 | X13: 7.5 | Y13: 20 | Z13: 9 | AA13: 3 | AB13: 7.5 | AC13: 0 | AD13: 0 | AE13: 0 | AF13: 7.5 | AG13: 4.5 | AH13: 7.5 | AI13: 7.5 | AJ13: =SUM(C13:AI13) -> 200.5 | AK13: =VLOOKUP(A13,'APPLICANTS 2023'!A:Q,2,FALSE) -> Sufyan Bin Shamsuddeen | AL13: =VLOOKUP(A13,'APPLICANTS 2023'!A:Q,3,FALSE) -> Shamsuddeen | AM13: =VLOOKUP(A13,'APPLICANTS 2023'!A:Q,6,FALSE) -> 10 | AN13: =VLOOKUP(A13,'APPLICANTS 2023'!A:Q,7,FALSE) -> Unity Public School | AO13: =VLOOKUP(A13,'APPLICANTS 2023'!A:Q,9,FALSE) -> Chennai
... A31: 3031 | B31: 30 | C31: 23 | D31: 8 | E31: 5 | F31: 7.5 | G31: 7 | H31: 7.5 | I31: 0 | J31: 0 | K31: 0 | L31: 5 | M31: 0 | N31: 22 | O31: 7 | P31: 5 | Q31: 7.5 | R31: 7.5 | S31: 0 | T31: 0 | U31: 7.5 | V31: 7 | W31: 0 | X31: 0 | Y31: 18 | Z31: 8 | AA31: 3 | AB31: 7.5 | AC31: 7.5 | AD31: 0 | AE31: 0 | AF31: 7.5 | AG31: 5 | AH31: 0 | AI31: 0 | AJ31: =SUM(C31:AI31) -> 183 | AK31: =VLOOKUP(A31,'APPLICANTS 2023'!A:Q,2,FALSE) -> Mohamed Khalid | AL31: =VLOOKUP(A31,'APPLICANTS 2023'!A:Q,3,FALSE) -> Mohamed Dawood | AM31: =VLOOKUP(A31,'APPLICANTS 2023'!A:Q,6,FALSE) -> 69 | AN31: =VLOOKUP(A31,'APPLICANTS 2023'!A:Q,7,FALSE) -> Darul Uloom Faizul Islam | AO31: =VLOOKUP(A31,'APPLICANTS 2023'!A:Q,9,FALSE) -> Virinchipuram

Sheet A
A1: REG NO | B1: STAGE | C1: TOTAL | D1: NAME | E1: FATHER'S NAME | F1: I.NO | G1: I. Name | H1: TOWN | I1: J1 - HIFZ-1 | J1: J1 - HIFZ-2 | K1: J1 - TAJ -1 | L1: J1 - TAJ -2 | M1: J1 - ISMU -1 | N1: J1 - ISMU -2 | O1: J1 - MUTH -1 | P1: J1 - MUTH -2 | Q1: J1 - MUTH -3 | R1: J2 - HIFZ-1 | S1: J2 - HIFZ-2 | T1: J2 - TAJ -1 | U1: J2 - TAJ -2 | V1: J2 - ISMU -1 | W1: J2 - ISMU -2 | X1: J2 - MUTH -1 | Y1: J2 - MUTH -2 | Z1: J2 - MUTH -3
A2: 3045 | B2: A | C2: 190 | D2: Mohammed Talha | E2: Majeed Pasha | F2: 73 | G2: Madrasa E Imdadul Uloom | H2: Pernambut | I2: 19 | J2: 19 | K2: 8 | L2: 10 | M2: 5 | N2: 5 | O2: 10 | P2: 10 | Q2: 10 | R2: 20 | S2: 18 | T2: 8 | U2: 8 | V2: 5 | W2: 5 | X2: 10 | Y2: 10 | Z2: 10
A3: 3009 | B3: A | C3: 173 | D3: Abdullah M.S.H | E3: Mohammed Seyed Hashan M.A.K | F3: 06 | G3: Measi Matriculation Hr Sec School | H3: Chennai | I3: 20 | J3: 20 | K3: 9 | L3: 9 | M3: 5 | N3: 3 | O3: 10 | P3: 7 | Q3: 0 | R3: 20 | S3: 20 | T3: 9 | U3: 10 | V3: 0 | W3: 5 | X3: 10 | Y3: 8 | Z3: 8
A4: 3052 | B4: A | C4: 169 | D4: Muhammed Farooq M | E4: Mohamed Ebrahim | F4: 10 | G4: Unity Public School | H4: Chennai | I4: 13 | J4: 14 | K4: 5 | L4: 5 | M4: 5 | N4: 5 | O4: 10 | P4: 10 | Q4: 2 | R4: 20 | S4: 20 | T4: 10 | U4: 10 | V4: 5 | W4: 5 | X4: 10 | Y4: 10 | Z4: 10
A5: 3021 | B5: A | C5: 169 | D5: Hameed Afnaan M M | E5: Mohammed Mohiddin | F5: 58 | G5: L.K.Higher Secondary School | H5: Kayalpatnam | I5: 13 | J5: 12 | K5: 8 | L5: 9 | M5: 5 | N5: 5 | O5: 10 | P5: 10 | Q5: 10 | R5: 17 | S5: 16 | T5: 8 | U5: 6 | V5: 5 | W5: 5 | X5: 10 | Y5: 10 | Z5: 10
A6: 3049 | B6: A | C6: 169 | D6: Muddassir M.Y | E6: Mohamed Yousuf | F6: 49 | G6: Imam Shafi (rah) Matric Hr.Sec School | H6: Adirampattinam | I6: 15 | J6: 16 | K6: 10 | L6: 10 | M6: 5 | N6: 5 | O6: 10 | P6: 10 | Q6: 3 | R6: 18 | S6: 18 | T6: 8 | U6: 9 | V6: 5 | W6: 5 | X6: 8 | Y6: 8 | Z6: 6
A7: 3060 | B7: A | C7: 168 | D7: Sameer S | E7: Sulthan Basha | F7: 69 | G7: Darul Uloom Faizul Islam | H7: Virinchipuram | I7: 18 | J7: 18 | K7: 6 | L7: 6 | M7: 5 | N7: 5 | O7: 10 | P7: 10 | Q7: 0 | R7: 19 | S7: 19 | T7: 9 | U7: 9 | V7: 5 | W7: 5 | X7: 8 | Y7: 8 | Z7: 8
A8: 3019 | B8: A | C8: 156 | D8: Atheeq Mursi | E8: Abul Hasan Shaduly M.A | F8: 62 | G8: Malharul Fa'izeen | H8: Kayalpatnam | I8: 17 | J8: 15 | K8: 8 | L8: 8 | M8: 4 | N8: 4 | O8: 10 | P8: 10 | Q8: 0 | R8: 18 | S8: 18 | T8: 8 | U8: 8 | V8: 5 | W8: 5 | X8: 8 | Y8: 10 | Z8: 0
A9: 3010 | B9: A | C9: 154 | D9: Abdur Rahman | E9: Abdul Ghani | F9: 05 | G9: Madrasa Ubai Ibn Ka'b | H9: Chennai | I9: 20 | J9: 15 | K9: 10 | L9: 10 | M9: 5 | N9: 5 | O9: 10 | P9: 0 | Q9: 0 | R9: 18 | S9: 16 | T9: 8 | U9: 9 | V9: 5 | W9: 5 | X9: 8 | Y9: 5 | Z9: 5
A10: 3067 | B10: A | C10: 152 | D10: Yusuf Sahl K.F | E10: Farook Ali K.M | F10: 09 | G10: Sana Smart Matriculation School | H10: Chennai | I10: 15 | J10: 12 | K10: 4 | L10: 3 | M10: 3 | N10: 3 | O10: 10 | P10: 10 | Q10: 8 | R10: 17 | S10: 19 | T10: 8 | U10: 8 | V10: 5 | W10: 4 | X10: 8 | Y10: 8 | Z10: 7
A11: 3063 | B11: A | C11: 151 | D11: Syed Abrarul Haq | E11: Athaullah | F11: 72 | G11: Madrasa E Imdadiya For The Blind | H11: Melvisharam | I11: 16 | J11: 18 | K11: 7 | L11: 8 | M11: 5 | N11: 5 | O11: 8 | P11: 7 | Q11: 0 | R11: 17 | S11: 16 | T11: 7 | U11: 7 | V11: 5 | W11: 5 | X11: 10 | Y11: 10 | Z11: 0
A12: 3025 | B12: A | C12: 151 | D12: Minnathullah | E12: Imdadullah | F12: 17 | G12: An-Noor Islamia College | H12: Thamarapadi(PO) | I12: 18 | J12: 19 | K12: 10 | L12: 10 | M12: 5 | N12: 5 | O12: 5 | P12: 0 | Q12: 0 | R12: 17 | S12: 19 | T12: 8 | U12: 9 | V12: 5 | W12: 5 | X12: 8 | Y12: 8 | Z12: 0
A13: 3047 | B13: A | C13: 149 | D13: Mohammed Uvais S | E13: Syed Sulthan Ibrahim A | F13: 30 | G13: Jamia Al Asharathul Mubashara | H13: Endapuli | I13: 11 | J13: 13 | K13: 5 | L13: 5 | M13: 3 | N13: 3 | O13: 10 | P13: 10 | Q13: 4 | R13: 17 | S13: 18 | T13: 8 | U13: 8 | V13: 5 | W13: 5 | X13: 8 | Y13: 8 | Z13: 8
... A34: 3069 | B34: A | C34: 0 | D34: Muflih M | E34: Mohammed Ali F | F34: 76 | G34: Malick Dhinar Matriculation School | H34: Nagercoil | I34: 0 | J34: 0 | K34: 0 | L34: 0 | M34: 0 | N34: 0 | O34: 0 | P34: 0 | Q34: 0 | R34: 0 | S34: 0 | T34: 0 | U34: 0 | V34: 0 | W34: 0 | X34: 0 | Y34: 0 | Z34: 0

Sheet B
A1: REG NO | B1: STAGE | C1: TOTAL | D1: NAME | E1: FATHER'S NAME | F1: I.NO | G1: I. Name | H1: TOWN | I1: J1 - HIFZ-1 | J1: J1 - HIFZ-2 | K1: J1 - TAJ -1 | L1: J1 - TAJ -2 | M1: J1 - ISMU -1 | N1: J1 - ISMU -2 | O1: J1 - MUTH -1 | P1: J1 - MUTH -2 | Q1: J1 - MUTH -3 | R1: J2 - HIFZ-1 | S1: J2 - HIFZ-2 | T1: J2 - TAJ -1 | U1: J2 - TAJ -2 | V1: J2 - ISMU -1 | W1: J2 - ISMU -2 | X1: J2 - MUTH -1 | Y1: J2 - MUTH -2 | Z1: J2 - MUTH -3
A2: 3059 | B2: B | C2: 193 | D2: Safwan Samsudeen | E2: Sirajudeen Samsudeen | F2: 10 | G2: Unity Public School | H2: Chennai | I2: 20 | J2: 20 | K2: 8 | L2: 8 | M2: 5 | N2: 5 | O2: 10 | P2: 10 | Q2: 10 | R2: 20 | S2: 20 | T2: 9 | U2: 9 | V2: 5 | W2: 4 | X2: 10 | Y2: 10 | Z2: 10
A3: 3031 | B3: B | C3: 191 | D3: Mohamed Khalid | E3: Mohamed Dawood | F3: 69 | G3: Darul Uloom Faizul Islam | H3: Virinchipuram | I3: 20 | J3: 18 | K3: 8 | L3: 9 | M3: 5 | N3: 5 | O3: 10 | P3: 10 | Q3: 10 | R3: 20 | S3: 18 | T3: 9 | U3: 9 | V3: 5 | W3: 5 | X3: 10 | Y3: 10 | Z3: 10
A4: 3013 | B4: B | C4: 190 | D4: Afkar U.L | E4: Uvaisna Lebbau | F4: 60 | G4: Madarasathul Azhar Li Thahfeezil Quranil Kareem | H4: Kayalpatnam | I4: 20 | J4: 20 | K4: 8 | L4: 8 | M4: 5 | N4: 5 | O4: 10 | P4: 10 | Q4: 7 | R4: 20 | S4: 20 | T4: 9 | U4: 10 | V4: 5 | W4: 5 | X4: 10 | Y4: 10 | Z4: 8
A5: 3026 | B5: B | C5: 186 | D5: Mohamed Abdul Matheen A | E5: Abdul Gani N | F5: 55 | G5: Al Madharsathul Muhammadiya (M.M.Arabic College) | H5: Udangudi | I5: 20 | J5: 20 | K5: 10 | L5: 7 | M5: 5 | N5: 4 | O5: 9 | P5: 10 | Q5: 10 | R5: 20 | S5: 20 | T5: 6 | U5: 5 | V5: 5 | W5: 5 | X5: 10 | Y5: 10 | Z5: 10
A6: 3068 | B6: B | C6: 181 | D6: Rasmi Raed M.R | E6: Mohamed Razeen | F6: 58 | G6: L.K.Higher Secondary School | H6: Kayalpatnam | I6: 20 | J6: 16 | K6: 9 | L6: 8 | M6: 5 | N6: 4 | O6: 10 | P6: 10 | Q6: 10 | R6: 18 | S6: 16 | T6: 9 | U6: 8 | V6: 5 | W6: 5 | X6: 8 | Y6: 10 | Z6: 10
A7: 3043 | B7: B | C7: 172 | D7: Mohammed Kasim Ameen C.S | E7: Mohammed Sadiqul Ameen | F7: 02 | G7: Dar-Ul-Quranul Kareem (Academy) | H7: Chennai | I7: 20 | J7: 15 | K7: 8 | L7: 8 | M7: 5 | N7: 5 | O7: 10 | P7: 5 | Q7: 8 | R7: 20 | S7: 17 | T7: 9 | U7: 9 | V7: 5 | W7: 5 | X7: 10 | Y7: 6 | Z7: 7
A8: 3020 | B8: B | C8: 170 | D8: Dasthageer K.M | E8: Ismail K.M | F8: 72 | G8: Madrasa E Imdadiya For The Blind | H8: Melvisharam | I8: 20 | J8: 20 | K8: 9 | L8: 8 | M8: 5 | N8: 5 | O8: 10 | P8: 8 | Q8: 0 | R8: 20 | S8: 20 | T8: 9 | U8: 9 | V8: 5 | W8: 5 | X8: 10 | Y8: 7 | Z8: 0
A9: 3058 | B9: B | C9: 163 | D9: Rafik Ahamed | E9: Jinnah Jakeer Hussain A | F9: 24 | G9: Darul Uloom Saudia Arabic College | H9: Chinthaamanipatti (PO) | I9: 20 | J9: 20 | K9: 8 | L9: 8 | M9: 5 | N9: 5 | O9: 4 | P9: 5 | Q9: 5 | R9: 20 | S9: 20 | T9: 8 | U9: 7 | V9: 5 | W9: 2 | X9: 10 | Y9: 6 | Z9: 5
A10: 3029 | B10: B | C10: 146 | D10: Mohamed Faizur Rahman A | E10: Mohamed Abubakkar Sithik | F10: 52 | G10: Jamia Darul Falah | H10: Uthamapalayam | I10: 16 | J10: 15 | K10: 7 | L10: 7 | M10: 5 | N10: 5 | O10: 10 | P10: 8 | Q10: 5 | R10: 15 | S10: 10 | T10: 6 | U10: 6 | V10: 5 | W10: 5 | X10: 7 | Y10: 7 | Z10: 7
A11: 3005 | B11: B | C11: 134 | D11: Abdul Muqsith M | E11: Irshad Ahmed M | F11: 74 | G11: Masjid-E-Thahfeesil Quran | H11: Pernambut | I11: 16 | J11: 18 | K11: 8 | L11: 7 | M11: 5 | N11: 5 | O11: 8 | P11: 0 | Q11: 0 | R11: 16 | S11: 13 | T11: 8 | U11: 6 | V11: 5 | W11: 5 | X11: 10 | Y11: 4 | Z11: 0
A12: 3007 | B12: B | C12: 132 | D12: Abdullah A.R | E12: Abdul Rahim M.H | F12: 57 | G12: Al Makthabathul Magudhoomiyya | H12: Kayalpatnam | I12: 18 | J12: 10 | K12: 7 | L12: 4 | M12: 5 | N12: 5 | O12: 10 | P12: 7 | Q12: 0 | R12: 20 | S12: 0 | T12: 8 | U12: 8 | V12: 5 | W12: 5 | X12: 10 | Y12: 10 | Z12: 0
A13: 3008 | B13: B | C13: 116 | D13: Abdullah M | E13: Mohamed Arif | F13: 45 | G13: Al Jamiyathul Islamiya | H13: Ayyampet | I13: 20 | J13: 0 | K13: 8 | L13: 8 | M13: 5 | N13: 3 | O13: 8 | P13: 0 | Q13: 0 | R13: 20 | S13: 13 | T13: 9 | U13: 6 | V13: 5 | W13: 5 | X13: 4 | Y13: 2 | Z13: 0
... A34: 3004 | B34: B | C34: 0 | D34: Abdul Kaiyoom | E34: Shahul Hameed | F34: 01 | G34: Bilal Madrasa For Memorizing Quran | H34: Chennai | I34: 0 | J34: 0 | K34: 0 | L34: 0 | M34: 0 | N34: 0 | O34: 0 | P34: 0 | Q34: 0 | R34: 0 | S34: 0 | T34: 0 | U34: 0 | V34: 0 | W34: 0 | X34: 0 | Y34: 0 | Z34: 0

Sheet C
A1: REG NO | B1: STAGE | C1: TOTAL | D1: NAME | E1: FATHER'S NAME | F1: I. Name | G1: TOWN | H1: J1 - HIFZ-1 | I1: J1 - HIFZ-2 | J1: J1 - TAJ -1 | K1: J1 - TAJ -2 | L1: J1 - ISMU -1 | M1: J1 - ISMU -2 | N1: J1 - MUTH -1 | O1: J1 - MUTH -2 | P1: J1 - MUTH -3 | Q1: J2 - HIFZ-1 | R1: J2 - HIFZ-2 | S1: J2 - TAJ -1 | T1: J2 - TAJ -2 | U1: J2 - ISMU -1 | V1: J2 - ISMU -2 | W1: J2 - MUTH -1 | X1: J2 - MUTH -2 | Y1: J2 - MUTH -3
A2: 1506 | B2: C | C2: 194 | D2: Abdullah Mackie G.M | E2: Gani Muhammad M.A | F2: Madarasathul Azhar Li Thahfeezil Quranil Kareem | G2: Kayalpatnam | H2: 20 | I2: 20 | J2: 8 | K2: 8 | L2: 5 | M2: 5 | N2: 10 | O2: 10 | P2: 10 | Q2: 20 | R2: 20 | S2: 10 | T2: 8 | U2: 5 | V2: 5 | W2: 10 | X2: 10 | Y2: 10
A3: 1516 | B3: C | C3: 190 | D3: Amanullah Hubaib I | E3: Imdadullah A | F3: Al Makthabathul Magudhoomiyya | G3: Kayalpatnam | H3: 20 | I3: 20 | J3: 8 | K3: 6 | L3: 5 | M3: 5 | N3: 10 | O3: 10 | P3: 10 | Q3: 20 | R3: 20 | S3: 8 | T3: 8 | U3: 5 | V3: 5 | W3: 10 | X3: 10 | Y3: 10
A4: 1502 | B4: C | C4: 188 | D4: Abdul Muiz | E4: Seyed Muhyiddeen | F4: Madarasathul Azhar Li Thahfeezil Quranil Kareem | G4: Kayalpatnam | H4: 20 | I4: 18 | J4: 8 | K4: 6 | L4: 5 | M4: 5 | N4: 10 | O4: 10 | P4: 10 | Q4: 20 | R4: 20 | S4: 8 | T4: 8 | U4: 5 | V4: 5 | W4: 10 | X4: 10 | Y4: 10
A5: 1504 | B5: C | C5: 179 | D5: Abdullah | E5: Jabbar Khan | F5: Ubay Ibn Ka'b Hifz Madarsa | G5: Dharmapuram | H5: 18 | I5: 16 | J5: 9 | K5: 9 | L5: 5 | M5: 5 | N5: 10 | O5: 10 | P5: 10 | Q5: 17 | R5: 16 | S5: 7 | T5: 7 | U5: 5 | V5: 5 | W5: 10 | X5: 10 | Y5: 10
A6: 1542 | B6: C | C6: 173 | D6: Sufyan Bin Shamsuddeen | E6: Shamsuddeen | F6: Unity Public School | G6: Chennai | H6: 20 | I6: 20 | J6: 8 | K6: 8 | L6: 5 | M6: 5 | N6: 10 | O6: 10 | P6: 0 | Q6: 20 | R6: 20 | S6: 8 | T6: 9 | U6: 5 | V6: 5 | W6: 10 | X6: 10 | Y6: 0
A7: 1533 | B7: C | C7: 172 | D7: Mohammed Yusuf Thalha S.B | E7: Basheer Ahamed S.B | F7: Madrasathul Hidhaya | G7: Kumbakonam | H7: 20 | I7: 14 | J7: 8 | K7: 6 | L7: 5 | M7: 5 | N7: 8 | O7: 10 | P7: 8 | Q7: 20 | R7: 12 | S7: 10 | T7: 8 | U7: 5 | V7: 5 | W7: 10 | X7: 10 | Y7: 8
A8: 1541 | B8: C | C8: 168 | D8: Sofi | E8: Mohamed | F8: Madrasa E Imdadiya For The Blind | G8: Melvisharam | H8: 20 | I8: 20 | J8: 8 | K8: 6 | L8: 5 | M8: 5 | N8: 10 | O8: 10 | P8: 0 | Q8: 20 | R8: 20 | S8: 6 | T8: 8 | U8: 5 | V8: 5 | W8: 10 | X8: 10 | Y8: 0
A9: 1510 | B9: C | C9: 162 | D9: Abdus Samad | E9: Jafar Shaikh | F9: Jamia Noman-Bin Sabith | G9: Rahmath Nagar | H9: 18 | I9: 18 | J9: 6 | K9: 6 | L9: 5 | M9: 5 | N9: 10 | O9: 10 | P9: 0 | Q9: 20 | R9: 18 | S9: 8 | T9: 8 | U9: 5 | V9: 5 | W9: 10 | X9: 10 | Y9: 0
A10: 1530 | B10: C | C10: 160 | D10: Mohammed Naufal M | E10: Mohammed Meeran A | F10: Madarashathull Hamidiyah | G10: Dindigul | H10: 20 | I10: 18 | J10: 8 | K10: 8 | L10: 5 | M10: 5 | N10: 8 | O10: 8 | P10: 0 | Q10: 20 | R10: 18 | S10: 8 | T10: 8 | U10: 5 | V10: 5 | W10: 8 | X10: 8 | Y10: 0
A11: 1521 | B11: C | C11: 158 | D11: Kifayathullah | E11: Abdul Gafoor | F11: Al Madharasathul Salahiyya Arabic College | G11: Adirampattinam | H11: 16 | I11: 18 | J11: 6 | K11: 6 | L11: 5 | M11: 5 | N11: 10 | O11: 10 | P11: 0 | Q11: 18 | R11: 18 | S11: 8 | T11: 8 | U11: 5 | V11: 5 | W11: 10 | X11: 10 | Y11: 0
A12: 1519 | B12: C | C12: 155 | D12: Hayaz Rahman M | E12: Mohamed Yunus | F12: Jamia Darul Falah | G12: Uthamapalayam | H12: 18 | I12: 10 | J12: 6 | K12: 6 | L12: 5 | M12: 5 | N12: 8 | O12: 7 | P12: 10 | Q12: 18 | R12: 10 | S12: 7 | T12: 7 | U12: 5 | V12: 5 | W12: 9 | X12: 9 | Y12: 10
A13: 1536 | B13: C | C13: 152 | D13: Muhammad Faahim | E13: Maashukur Rahman | F13: Al Munawara Islamic School | G13: Sivapuram | H13: 16 | I13: 10 | J13: 6 | K13: 4 | L13: 5 | M13: 5 | N13: 6 | O13: 10 | P13: 10 | Q13: 16 | R13: 10 | S13: 8 | T13: 8 | U13: 5 | V13: 5 | W13: 8 | X13: 10 | Y13: 10
... A24: 1531 | B24: C | C24: 118 | D24: Mohammed Suhail S | E24: Seyadhu Oli | F24: Jannathul Firdowse Hifl Madrasa | G24: Madurai | H24: 16 | I24: 10 | J24: 8 | K24: 6 | L24: 5 | M24: 5 | N24: 8 | O24: 0 | P24: 0 | Q24: 16 | R24: 12 | S24: 6 | T24: 6 | U24: 5 | V24: 5 | W24: 10 | X24: 0 | Y24: 0
A25: 1520 | B25: C | C25: 116 | D25: Jumail Ahmed | E25: Mohammed Rafeek K | F25: Al Jamiyathul Islamiya | G25: Ayyampet | H25: 20 | I25: 16 | J25: 7 | K25: 8 | L25: 5 | M25: 5 | N25: 10 | O25: 0 | P25: 0 | Q25: 2 | R25: 16 | T25: 7 | U25: 5 | V25: 5 | W25: 10 | X25: 0 | Y25: 0
A26: 1529 | B26: C | C26: 116 | D26: Mohammed Hammad T.H | E26: Mohammed Haroon | F26: Madarasa-E-Thalimul Quran | G26: Arni | H26: 10 | I26: 10 | J26: 8 | K26: 6 | L26: 0 | M26: 5 | N26: 10 | O26: 10 | P26: 0 | Q26: 10 | R26: 8 | S26: 6 | T26: 8 | U26: 0 | V26: 5 | W26: 10 | X26: 10 | Y26: 0
A27: 1544 | B27: C | C27: 114 | D27: Syed Umar | E27: Mujib Pasha | F27: Jamia Noman-Bin Sabith | G27: Rahmath Nagar | H27: 10 | I27: 10 | J27: 7 | K27: 7 | L27: 5 | M27: 5 | N27: 10 | O27: 10 | P27: 0 | Q27: 8 | R27: 10 | S27: 6 | T27: 6 | U27: 5 | V27: 5 | W27: 5 | X27: 5 | Y27: 0
A28: 1518 | B28: C | C28: 101 | D28: Faheem Ahamed M | E28: Mohammed Ismail B | F28: Pristine Public School | G28: Coimbatore | H28: 10 | I28: 16 | J28: 5 | K28: 4 | L28: 5 | M28: 0 | N28: 8 | O28: 0 | P28: 0 | Q28: 16 | R28: 14 | S28: 5 | T28: 5 | U28: 5 | V28: 0 | W28: 8 | X28: 0 | Y28: 0
A29: 1509 | B29: C | C29: 100 | D29: Abdur Razzaq M | E29: Mujeeb Rahuman M | F29: Limra Nursery & Primary School | G29: Madurai | H29: 10 | I29: 20 | J29: 6 | K29: 8 | L29: 5 | M29: 5 | N29: 0 | O29: 0 | P29: 0 | Q29: 10 | R29: 16 | S29: 6 | T29: 4 | U29: 5 | V29: 5 | W29: 0 | X29: 0 | Y29: 0
A30: 1517 | B30: C | C30: 97 | D30: Arfaan S | E30: Sheik Mohamed S | F30: Al Jamiathul Firdousiya Arabic College | G30: Nagercoil | H30: 10 | I30: 10 | J30: 4 | K30: 4 | L30: 5 | M30: 5 | N30: 10 | O30: 0 | P30: 0 | Q30: 12 | R30: 8 | S30: 4 | T30: 5 | U30: 5 | V30: 5 | W30: 10 | X30: 0 | Y30: 0
A31: 1528 | B31: C | C31: 96 | D31: Mohammed Alfaiz | E31: kutubuddin | F31: Madrasa E Imdadul Uloom | G31: Pernambut | H31: 0 | I31: 16 | J31: 0 | K31: 4 | L31: 5 | M31: 5 | N31: 6 | O31: 10 | P31: 0 | Q31: 0 | R31: 16 | S31: 0 | T31: 7 | U31: 5 | V31: 5 | W31: 7 | X31: 10 | Y31: 0
A32: 1534 | B32: C | C32: 91 | D32: Muhamed Farhan | E32: Samsudeen | F32: Gift Islamic Academy | G32: Gudalur | H32: 10 | I32: 10 | J32: 4 | K32: 4 | L32: 5 | M32: 0 | N32: 10 | O32: 0 | P32: 0 | Q32: 12 | R32: 10 | S32: 6 | T32: 5 | U32: 5 | V32: 0 | W32: 10 | X32: 0 | Y32: 0
A33: 1523 | B33: C | C33: 77 | D33: Mohamed Hizbullah | E33: Mohamed Ishak | F33: Darussalam Arabic College | G33: Avaniyapuram | H33: 14 | I33: 0 | J33: 6 | K33: 0 | L33: 5 | M33: 0 | N33: 10 | O33: 0 | P33: 0 | Q33: 16 | R33: 0 | S33: 6 | T33: 0 | U33: 5 | V33: 5 | W33: 10 | X33: 0 | Y33: 0
A34: 1524 | B34: C | C34: 74 | D34: Mohamed Munaf | E34: Dulfikar Hasan | F34: Al-Aqsa Quran Study Center | G34: Kilakarai | H34: 8 | I34: 8 | J34: 6 | K34: 6 | L34: 5 | M34: 0 | N34: 2 | O34: 2 | P34: 2 | Q34: 8 | R34: 8 | S34: 5 | T34: 5 | U34: 0 | V34: 0 | W34: 3 | X34: 3 | Y34: 3
A35: 1540 | B35: C | C35: 68 | D35: Nijardeen T | E35: Tajdeen | F35: Bright Islamic School | G35: Karambakkudi | H35: 17 | I35: 0 | J35: 7 | K35: 0 | L35: 5 | M35: 0 | N35: 0 | O35: 8 | P35: 0 | Q35: 14 | R35: 0 | S35: 4 | T35: 0 | U35: 5 | V35: 0 | W35: 8 | X35: 0 | Y35: 0
A36: 1525 | B36: C | C36: 60 | D36: Mohamed Sahad M | E36: Mohamed Shafeeq A | F36: Pristine Public School | G36: Coimbatore | H36: 10 | I36: 5 | J36: 5 | K36: 4 | L36: 5 | M36: 0 | N36: 0 | O36: 0 | P36: 0 | Q36: 10 | R36: 8 | S36: 4 | T36: 4 | U36: 5 | V36: 0 | W36: 0 | X36: 0 | Y36: 0
A37: 1514 | B37: C | C37: 55 | D37: Ahmed Hasan A | E37: Afsal Hussain S.K.S | F37: Ayisha Hameeda Quraan Hiflu Madharasa | G37: Kilakarai | H37: 0 | I37: 10 | J37: 0 | K37: 4 | L37: 5 | M37: 5 | N37: 0 | O37: 0 | P37: 0 | Q37: 0 | R37: 16 | S37: 0 | T37: 5 | U37: 5 | V37: 5 | W37: 0 | X37: 0 | Y37: 0
... A44: 1538 | B44: C | C44: 0 | D44: Muhammed Waheeb | E44: Syed Ali | F44: Al-Aqsa Quran Study Center | G44: Kilakarai | H44: 0 | I44: 0 | J44: 0 | K44: 0 | L44: 0 | M44: 0 | N44: 0 | O44: 0 | P44: 0 | Q44: 0 | R44: 0 | S44: 0 | T44: 0 | U44: 0 | V44: 0 | W44: 0 | X44: 0 | Y44: 0

Sheet D
A1: REG NO | B1: STAGE | C1: TOTAL | D1: NAME | E1: FATHER'S NAME | F1: I.NO | G1: I. Name | H1: TOWN | I1: J1 - HIFZ-1 | J1: J1 - HIFZ-2 | K1: J1 - TAJ -1 | L1: J1 - TAJ -2 | M1: J1 - ISMU -1 | N1: J1 - ISMU -2 | O1: J1 - MUTH -1 | P1: J1 - MUTH -2 | Q1: J1 - MUTH -3 | R1: J2 - HIFZ-1 | S1: J2 - HIFZ-2 | T1: J2 - TAJ -1 | U1: J2 - TAJ -2 | V1: J2 - ISMU -1 | W1: J2 - ISMU -2 | X1: J2 - MUTH -1 | Y1: J2 - MUTH -2 | Z1: J2 - MUTH -3
A2: 507 | B2: D | C2: 189 | D2: Abdur Rahman N | E2: Nizar Hussain A | F2: 20 | G2: Al Jamiathul Firdousiya Arabic College | H2: Nagercoil | I2: 20 | J2: 15 | K2: 9 | L2: 9 | M2: 5 | N2: 5 | O2: 15 | P2: 15 | Q2: 0 | R2: 20 | S2: 19 | T2: 10 | U2: 7 | V2: 5 | W2: 5 | X2: 15 | Y2: 15 | Z2: 0
A3: 556 | B3: D | C3: 188 | D3: Saad | E3: Sirajur Rehaman | F3: 71 | G3: Jamia Darussalam Arabic College | H3: Oomerabad | I3: 20 | J3: 20 | K3: 10 | L3: 2 | M3: 5 | N3: 5 | O3: 15 | P3: 15 | Q3: 0 | R3: 20 | S3: 20 | T3: 8 | U3: 8 | V3: 5 | W3: 5 | X3: 15 | Y3: 15 | Z3: 0
A4: 557 | B4: D | C4: 182 | D4: Sadhu Hamthan | E4: Omar Abdullah | F4: 23 | G4: Ubay Ibn Ka'b Hifz Madarsa | H4: Dharmapuram | I4: 20 | J4: 18 | K4: 8 | L4: 8 | M4: 5 | N4: 5 | O4: 15 | P4: 13 | Q4: 0 | R4: 20 | S4: 20 | T4: 5 | U4: 5 | V4: 5 | W4: 5 | X4: 15 | Y4: 15 | Z4: 0
A5: 527 | B5: D | C5: 181 | D5: Mohamed Ibrahim T.S.M | E5: Mohamed Eassa T.A.S | F5: 27 | G5: Jannathul Firdowse Hifl Madrasa | H5: Madurai | I5: 20 | J5: 20 | K5: 6 | L5: 10 | M5: 5 | N5: 5 | O5: 10 | P5: 15 | Q5: 0 | R5: 15 | S5: 20 | T5: 8 | U5: 7 | V5: 5 | W5: 5 | X5: 15 | Y5: 15 | Z5: 0
A6: 511 | B6: D | C6: 177 | D6: Ahmed Ibrahim S | E6: Sahul Hameed | F6: 58 | G6: L.K.Higher Secondary School | H6: Kayalpatnam | I6: 19 | J6: 15 | K6: 9 | L6: 9 | M6: 5 | N6: 5 | O6: 12 | P6: 10 | Q6: 0 | R6: 20 | S6: 17 | T6: 8 | U6: 8 | V6: 5 | W6: 5 | X6: 15 | Y6: 15 | Z6: 0
A7: 509 | B7: D | C7: 173 | D7: Adeeb | E7: Kamalutheen | F7: 44 | G7: Madhrasathul Muslimeen Quran Memorizing School (JAQH) | H7: Tenkasi | I7: 18 | J7: 20 | K7: 5 | L7: 5 | M7: 5 | N7: 5 | O7: 15 | P7: 15 | Q7: 0 | R7: 17 | S7: 18 | T7: 6 | U7: 7 | V7: 5 | W7: 5 | X7: 12 | Y7: 15 | Z7: 0
A8: 549 | B8: D | C8: 172 | D8: Muhammad Fawaaz M | E8: Mohamed Abdul Hakeem | F8: 10 | G8: Unity Public School | H8: Chennai | I8: 14 | J8: 18 | K8: 5 | L8: 5 | M8: 5 | N8: 5 | O8: 15 | P8: 15 | Q8: 0 | R8: 15 | S8: 20 | T8: 7 | U8: 8 | V8: 5 | W8: 5 | X8: 15 | Y8: 15 | Z8: 0
A9: 518 | B9: D | C9: 168 | D9: Anas Z | E9: Ziyavur Rahman Baqavi M | F9: 54 | G9: Straight Way Nursery & Primary School | H9: Cumbum | I9: 18 | J9: 13 | K9: 7 | L9: 7 | M9: 5 | N9: 5 | O9: 15 | P9: 15 | Q9: 0 | R9: 15 | S9: 14 | T9: 6 | U9: 8 | V9: 5 | W9: 5 | X9: 15 | Y9: 15 | Z9: 0
A10: 508 | B10: D | C10: 166 | D10: Abu Syeed Ahmed M | E10: Mohammed Yahya A | F10: 38 | G10: Madhrasa-E-Noorul Islam Arabic College | H10: Salem | I10: 17 | J10: 18 | K10: 6 | L10: 7 | M10: 5 | N10: 5 | O10: 15 | P10: 15 | Q10: 0 | R10: 15 | S10: 13 | T10: 5 | U10: 5 | V10: 5 | W10: 5 | X10: 15 | Y10: 15 | Z10: 0
A11: 567 | B11: D | C11: 163 | D11: Mohamed Hamza | E11: Mohamed Rasool | F11: 77 | G11: Al Jamiathul Sayidiya Quran Memorizing School (Dawathul Hudha Trust) | H11: Kayalpatnam | I11: 20 | J11: 14 | K11: 8 | L11: 7 | M11: 5 | N11: 5 | O11: 15 | P11: 13 | Q11: 0 | R11: 19 | S11: 13 | T11: 4 | U11: 5 | V11: 5 | W11: 5 | X11: 10 | Y11: 15 | Z11: 0
A12: 538 | B12: D | C12: 157 | D12: Mohammed Azeem U | E12: Ummar Farook | F12: 12 | G12: Pristine Public School | H12: Coimbatore | I12: 19 | J12: 20 | K12: 7 | L12: 7 | M12: 5 | N12: 5 | O12: 15 | P12: 0 | Q12: 0 | R12: 20 | S12: 20 | T12: 7 | U12: 7 | V12: 5 | W12: 5 | X12: 15 | Y12: 0 | Z12: 0
A13: 520 | B13: D | C13: 155 | D13: Azeem | E13: Ahamed Mohideen | F13: 50 | G13: Madarasathu An Noor | H13: Adirampattinam | I13: 17 | J13: 10 | K13: 7 | L13: 7 | M13: 5 | N13: 5 | O13: 15 | P13: 15 | Q13: 0 | R13: 15 | S13: 15 | T13: 5 | U13: 5 | V13: 5 | W13: 5 | X13: 12 | Y13: 12 | Z13: 0
... A33: 505 | B33: D | C33: 61.5 | D33: Abdullah A | E33: Abubakr Amin | F33: 01 | G33: Bilal Madrasa For Memorizing Quran | H33: Chennai | I33: 10 | J33: 0 | K33: 9 | L33: 0 | M33: 2.5 | N33: 0 | O33: 4 | P33: 0 | Q33: 0 | R33: 7 | S33: 0 | T33: 9 | U33: 10 | V33: 5 | W33: 5 | X33: 0 | Y33: 0 | Z33: 0

Sheet E
A1: REG NO | B1: STAGE | C1: TOTAL | D1: NAME | E1: FATHER'S NAME | F1: I.NO | G1: I. Name | H1: TOWN | I1: J1 - HIFZ-1 | J1: J1 - HIFZ-2 | K1: J1 - TAJ -1 | L1: J1 - TAJ -2 | M1: J1 - ISMU -1 | N1: J1 - ISMU -2 | O1: J1 - MUTH -1 | P1: J1 - MUTH -2 | Q1: J1 - MUTH -3 | R1: J2 - HIFZ-1 | S1: J2 - HIFZ-2 | T1: J2 - TAJ -1 | U1: J2 - TAJ -2 | V1: J2 - ISMU -1 | W1: J2 - ISMU -2 | X1: J2 - MUTH -1 | Y1: J2 - MUTH -2 | Z1: J2 - MUTH -3
A2: 562 | B2: E | C2: 198 | D2: Umar H | E2: Hasan Ali | F2: 23 | G2: Ubay Ibn Ka'b Hifz Madarsa | H2: Dharmapuram | I2: 20 | J2: 20 | K2: 10 | L2: 10 | M2: 5 | N2: 5 | O2: 15 | P2: 15 | Q2: 0 | R2: 20 | S2: 20 | T2: 10 | U2: 8 | V2: 5 | W2: 5 | X2: 15 | Y2: 15 | Z2: 0
A3: 565 | B3: E | C3: 198 | D3: Zakwan G | E3: Abdul Rahman G | F3: 71 | G3: Jamia Darussalam Arabic College | H3: Oomerabad | I3: 20 | J3: 20 | K3: 10 | L3: 8 | M3: 5 | N3: 5 | O3: 15 | P3: 15 | Q3: 0 | R3: 20 | S3: 20 | T3: 10 | U3: 10 | V3: 5 | W3: 5 | X3: 15 | Y3: 15 | Z3: 0
A4: 535 | B4: E | C4: 198 | D4: Mohammed Abubakkar Siddeiq M.S | E4: Mohammed Sulaiman | F4: 38 | G4: Madhrasa-E-Noorul Islam Arabic College | H4: Salem | I4: 20 | J4: 20 | K4: 10 | L4: 10 | M4: 5 | N4: 5 | O4: 15 | P4: 15 | Q4: 0 | R4: 20 | S4: 20 | T4: 8 | U4: 10 | V4: 5 | W4: 5 | X4: 15 | Y4: 15 | Z4: 0
A5: 553 | B5: E | C5: 198 | D5: Muslim S | E5: Syed Sulaiman A | F5: 44 | G5: Madhrasathul Muslimeen Quran Memorizing School (JAQH) | H5: Tenkasi | I5: 20 | J5: 20 | K5: 10 | L5: 10 | M5: 5 | N5: 5 | O5: 15 | P5: 15 | Q5: 0 | R5: 20 | S5: 20 | T5: 10 | U5: 8 | V5: 5 | W5: 5 | X5: 15 | Y5: 15 | Z5: 0
A6: 517 | B6: E | C6: 196 | D6: Anas Abdullah M.A | E6: Mogudoom Alaudeen H.M.F | F6: 60 | G6: Madarasathul Azhar Li Thahfeezil Quranil Kareem | H6: Kayalpatnam | I6: 20 | J6: 20 | K6: 8 | L6: 10 | M6: 5 | N6: 5 | O6: 15 | P6: 15 | Q6: 0 | R6: 20 | S6: 20 | T6: 8 | U6: 10 | V6: 5 | W6: 5 | X6: 15 | Y6: 15 | Z6: 0
A7: 566 | B7: E | C7: 196 | D7: Aashiq Ali M | E7: Mohammed Ali F | F7: 75 | G7: Faizanul Quran Madarasa | H7: Lalpettai | I7: 20 | J7: 20 | K7: 8 | L7: 10 | M7: 5 | N7: 5 | O7: 15 | P7: 15 | Q7: 0 | R7: 20 | S7: 20 | T7: 8 | U7: 10 | V7: 5 | W7: 5 | X7: 15 | Y7: 15 | Z7: 0
A8: 529 | B8: E | C8: 193 | D8: Mohamed Mubid | E8: Ameer John | F8: 40 | G8: Hameedia Elementary School | H8: Ilayangudi | I8: 20 | J8: 15 | K8: 10 | L8: 10 | M8: 5 | N8: 5 | O8: 15 | P8: 15 | Q8: 0 | R8: 20 | S8: 18 | T8: 10 | U8: 10 | V8: 5 | W8: 5 | X8: 15 | Y8: 15 | Z8: 0
A9: 564 | B9: E | C9: 192 | D9: Zaahid Buhary | E9: Mohamed Ziyad | F9: 64 | G9: Wisdom Public School | H9: Kayalpatnam | I9: 20 | J9: 20 | K9: 8 | L9: 10 | M9: 5 | N9: 5 | O9: 15 | P9: 15 | Q9: 0 | R9: 20 | S9: 20 | T9: 10 | U9: 4 | V9: 5 | W9: 5 | X9: 15 | Y9: 15 | Z9: 0
A10: 501 | B10: E | C10: 191 | D10: Aaris Mubarak S.A.K | E10: Shaik Abdul Kader M.S.M | F10: 64 | G10: Wisdom Public School | H10: Kayalpatnam | I10: 18 | J10: 18 | K10: 10 | L10: 10 | M10: 5 | N10: 5 | O10: 15 | P10: 15 | Q10: 0 | R10: 20 | S10: 15 | T10: 10 | U10: 10 | V10: 5 | W10: 5 | X10: 15 | Y10: 15 | Z10: 0
A11: 541 | B11: E | C11: 190 | D11: Mohammed Ismail Ghufraan | E11: Mohammed Osman | F11: 72 | G11: Madrasa E Imdadiya For The Blind | H11: Melvisharam | I11: 20 | J11: 15 | K11: 10 | L11: 10 | M11: 5 | N11: 5 | O11: 15 | P11: 13 | Q11: 0 | R11: 20 | S11: 18 | T11: 9 | U11: 10 | V11: 5 | W11: 5 | X11: 15 | Y11: 15 | Z11: 0
A12: 540 | B12: E | C12: 183 | D12: Mohammed Ihsan A | E12: Abdul Rahman B | F12: 12 | G12: Pristine Public School | H12: Coimbatore | I12: 18 | J12: 20 | K12: 8 | L12: 9 | M12: 5 | N12: 5 | O12: 15 | P12: 15 | Q12: 0 | R12: 15 | S12: 17 | T12: 8 | U12: 8 | V12: 5 | W12: 5 | X12: 15 | Y12: 15 | Z12: 0
A13: 547 | B13: E | C13: 181 | D13: Mohammed Zakariya | E13: Mohammed Jaleelur Rahman | F13: 10 | G13: Unity Public School | H13: Chennai | I13: 20 | J13: 18 | K13: 8 | L13: 9 | M13: 5 | N13: 5 | O13: 15 | P13: 12 | Q13: 0 | R13: 17 | S13: 20 | T13: 6 | U13: 6 | V13: 5 | W13: 5 | X13: 15 | Y13: 15 | Z13: 0
... A34: 544 | B34: E | C34: 8 | D34: Mohammed Shouib | E34: Fairoze Syed | F34: 25 | G34: Jamia Noman-Bin Sabith | H34: Rahmath Nagar | I34: 0 | J34: 0 | K34: 8 | L34: 0 | M34: 0 | N34: 0 | O34: 0 | P34: 0 | Q34: 0 | R34: 0 | S34: 0 | T34: 0 | U34: 0 | V34: 0 | W34: 0 | X34: 0 | Y34: 0 | Z34: 0

Sheet 5 JUZZ
A1: REG NO | B1: STAGE | C1: TOTAL | D1: NAME | E1: FATHER'S NAME | F1: I. Name | G1: TOWN | H1: J1 - HIFZ-1 | I1: J1 - HIFZ-2 | J1: J1 - TAJ -1 | K1: J1 - TAJ -2 | L1: J1 - ISMU -1 | M1: J1 - ISMU -2 | N1: J1 - MUTH -1 | O1: J1 - MUTH -2 | P1: J1 - MUTH -3 | Q1: J2 - HIFZ-1 | R1: J2 - HIFZ-2 | S1: J2 - TAJ -1 | T1: J2 - TAJ -2 | U1: J2 - ISMU -1 | V1: J2 - ISMU -2 | W1: J2 - MUTH -1 | X1: J2 - MUTH -2 | Y1: J2 - MUTH -3
A2: 562 | B2: E | C2: 198 | D2: Umar H | E2: Hasan Ali | F2: Ubay Ibn Ka'b Hifz Madarsa | G2: Dharmapuram | H2: 20 | I2: 20 | J2: 10 | K2: 10 | L2: 5 | M2: 5 | N2: 15 | O2: 15 | P2: 0 | Q2: 20 | R2: 20 | S2: 10 | T2: 8 | U2: 5 | V2: 5 | W2: 15 | X2: 15 | Y2: 0
A3: 565 | B3: E | C3: 198 | D3: Zakwan G | E3: Abdul Rahman G | F3: Jamia Darussalam Arabic College | G3: Oomerabad | H3: 20 | I3: 20 | J3: 10 | K3: 8 | L3: 5 | M3: 5 | N3: 15 | O3: 15 | P3: 0 | Q3: 20 | R3: 20 | S3: 10 | T3: 10 | U3: 5 | V3: 5 | W3: 15 | X3: 15 | Y3: 0
A4: 535 | B4: E | C4: 198 | D4: Mohammed Abubakkar Siddeiq M.S | E4: Mohammed Sulaiman | F4: Madhrasa-E-Noorul Islam Arabic College | G4: Salem | H4: 20 | I4: 20 | J4: 10 | K4: 10 | L4: 5 | M4: 5 | N4: 15 | O4: 15 | P4: 0 | Q4: 20 | R4: 20 | S4: 8 | T4: 10 | U4: 5 | V4: 5 | W4: 15 | X4: 15 | Y4: 0
A5: 553 | B5: E | C5: 198 | D5: Muslim S | E5: Syed Sulaiman A | F5: Madhrasathul Muslimeen Quran Memorizing School (JAQH) | G5: Tenkasi | H5: 20 | I5: 20 | J5: 10 | K5: 10 | L5: 5 | M5: 5 | N5: 15 | O5: 15 | P5: 0 | Q5: 20 | R5: 20 | S5: 10 | T5: 8 | U5: 5 | V5: 5 | W5: 15 | X5: 15 | Y5: 0
A6: 517 | B6: E | C6: 196 | D6: Anas Abdullah M.A | E6: Mogudoom Alaudeen H.M.F | F6: Madarasathul Azhar Li Thahfeezil Quranil Kareem | G6: Kayalpatnam | H6: 20 | I6: 20 | J6: 8 | K6: 10 | L6: 5 | M6: 5 | N6: 15 | O6: 15 | P6: 0 | Q6: 20 | R6: 20 | S6: 8 | T6: 10 | U6: 5 | V6: 5 | W6: 15 | X6: 15 | Y6: 0
A7: 507 | B7: D | C7: 189 | D7: Abdur Rahman N | E7: Nizar Hussain A | F7: Al Jamiathul Firdousiya Arabic College | G7: Nagercoil | H7: 20 | I7: 15 | J7: 9 | K7: 9 | L7: 5 | M7: 5 | N7: 15 | O7: 15 | P7: 0 | Q7: 20 | R7: 19 | S7: 10 | T7: 7 | U7: 5 | V7: 5 | W7: 15 | X7: 15 | Y7: 0
A8: 556 | B8: D | C8: 188 | D8: Saad | E8: Sirajur Rehaman | F8: Jamia Darussalam Arabic College | G8: Oomerabad | H8: 20 | I8: 20 | J8: 10 | K8: 2 | L8: 5 | M8: 5 | N8: 15 | O8: 15 | P8: 0 | Q8: 20 | R8: 20 | S8: 8 | T8: 8 | U8: 5 | V8: 5 | W8: 15 | X8: 15 | Y8: 0
A9: 557 | B9: D | C9: 182 | D9: Sadhu Hamthan | E9: Omar Abdullah | F9: Ubay Ibn Ka'b Hifz Madarsa | G9: Dharmapuram | H9: 20 | I9: 18 | J9: 8 | K9: 8 | L9: 5 | M9: 5 | N9: 15 | O9: 13 | P9: 0 | Q9: 20 | R9: 20 | S9: 5 | T9: 5 | U9: 5 | V9: 5 | W9: 15 | X9: 15 | Y9: 0
A10: 527 | B10: D | C10: 181 | D10: Mohamed Ibrahim T.S.M | E10: Mohamed Eassa T.A.S | F10: Jannathul Firdowse Hifl Madrasa | G10: Madurai | H10: 20 | I10: 20 | J10: 6 | K10: 10 | L10: 5 | M10: 5 | N10: 10 | O10: 15 | P10: 0 | Q10: 15 | R10: 20 | S10: 8 | T10: 7 | U10: 5 | V10: 5 | W10: 15 | X10: 15 | Y10: 0
A11: 511 | B11: D | C11: 177 | D11: Ahmed Ibrahim S | E11: Sahul Hameed | F11: L.K.Higher Secondary School | G11: Kayalpatnam | H11: 19 | I11: 15 | J11: 9 | K11: 9 | L11: 5 | M11: 5 | N11: 12 | O11: 10 | P11: 0 | Q11: 20 | R11: 17 | S11: 8 | T11: 8 | U11: 5 | V11: 5 | W11: 15 | X11: 15 | Y11: 0

Sheet 30 JUZZ
A1: REG NO | B1: STAGE | C1: TOTAL | D1: NAME | E1: FATHER'S NAME | F1: I. Name | G1: TOWN | H1: J1 - HIFZ-1 | I1: J1 - HIFZ-2 | J1: J1 - TAJ -1 | K1: J1 - TAJ -2 | L1: J1 - ISMU -1 | M1: J1 - ISMU -2 | N1: J1 - MUTH -1 | O1: J1 - MUTH -2 | P1: J1 - MUTH -3 | Q1: J2 - HIFZ-1 | R1: J2 - HIFZ-2 | S1: J2 - TAJ -1 | T1: J2 - TAJ -2 | U1: J2 - ISMU -1 | V1: J2 - ISMU -2 | W1: J2 - MUTH -1 | X1: J2 - MUTH -2 | Y1: J2 - MUTH -3
A2: 3059 | B2: B | C2: 193 | D2: Safwan Samsudeen | E2: Sirajudeen Samsudeen | F2: Unity Public School | G2: Chennai | H2: 20 | I2: 20 | J2: 8 | K2: 8 | L2: 5 | M2: 5 | N2: 10 | O2: 10 | P2: 10 | Q2: 20 | R2: 20 | S2: 9 | T2: 9 | U2: 5 | V2: 4 | W2: 10 | X2: 10 | Y2: 10
A3: 3031 | B3: B | C3: 191 | D3: Mohamed Khalid | E3: Mohamed Dawood | F3: Darul Uloom Faizul Islam | G3: Virinchipuram | H3: 20 | I3: 18 | J3: 8 | K3: 9 | L3: 5 | M3: 5 | N3: 10 | O3: 10 | P3: 10 | Q3: 20 | R3: 18 | S3: 9 | T3: 9 | U3: 5 | V3: 5 | W3: 10 | X3: 10 | Y3: 10
A4: 3045 | B4: A | C4: 190 | D4: Mohammed Talha | E4: Majeed Pasha | F4: Madrasa E Imdadul Uloom | G4: Pernambut | H4: 19 | I4: 19 | J4: 8 | K4: 10 | L4: 5 | M4: 5 | N4: 10 | O4: 10 | P4: 10 | Q4: 20 | R4: 18 | S4: 8 | T4: 8 | U4: 5 | V4: 5 | W4: 10 | X4: 10 | Y4: 10
A5: 3013 | B5: B | C5: 190 | D5: Afkar U.L | E5: Uvaisna Lebbau | F5: Madarasathul Azhar Li Thahfeezil Quranil Kareem | G5: Kayalpatnam | H5: 20 | I5: 20 | J5: 8 | K5: 8 | L5: 5 | M5: 5 | N5: 10 | O5: 10 | P5: 7 | Q5: 20 | R5: 20 | S5: 9 | T5: 10 | U5: 5 | V5: 5 | W5: 10 | X5: 10 | Y5: 8
A6: 3026 | B6: B | C6: 186 | D6: Mohamed Abdul Matheen A | E6: Abdul Gani N | F6: Al Madharsathul Muhammadiya (M.M.Arabic College) | G6: Udangudi | H6: 20 | I6: 20 | J6: 10 | K6: 7 | L6: 5 | M6: 4 | N6: 9 | O6: 10 | P6: 10 | Q6: 20 | R6: 20 | S6: 6 | T6: 5 | U6: 5 | V6: 5 | W6: 10 | X6: 10 | Y6: 10
A7: 3068 | B7: B | C7: 181 | D7: Rasmi Raed M.R | E7: Mohamed Razeen | F7: L.K.Higher Secondary School | G7: Kayalpatnam | H7: 20 | I7: 16 | J7: 9 | K7: 8 | L7: 5 | M7: 4 | N7: 10 | O7: 10 | P7: 10 | Q7: 18 | R7: 16 | S7: 9 | T7: 8 | U7: 5 | V7: 5 | W7: 8 | X7: 10 | Y7: 10
A8: 3009 | B8: A | C8: 173 | D8: Abdullah M.S.H | E8: Mohammed Seyed Hashan M.A.K | F8: Measi Matriculation Hr Sec School | G8: Chennai | H8: 20 | I8: 20 | J8: 9 | K8: 9 | L8: 5 | M8: 3 | N8: 10 | O8: 7 | P8: 0 | Q8: 20 | R8: 20 | S8: 9 | T8: 10 | U8: 0 | V8: 5 | W8: 10 | X8: 8 | Y8: 8
A9: 3052 | B9: A | C9: 169 | D9: Muhammed Farooq M | E9: Mohamed Ebrahim | F9: Unity Public School | G9: Chennai | H9: 13 | I9: 14 | J9: 5 | K9: 5 | L9: 5 | M9: 5 | N9: 10 | O9: 10 | P9: 2 | Q9: 20 | R9: 20 | S9: 10 | T9: 10 | U9: 5 | V9: 5 | W9: 10 | X9: 10 | Y9: 10
A10: 3021 | B10: A | C10: 169 | D10: Hameed Afnaan M M | E10: Mohammed Mohiddin | F10: L.K.Higher Secondary School | G10: Kayalpatnam | H10: 13 | I10: 12 | J10: 8 | K10: 9 | L10: 5 | M10: 5 | N10: 10 | O10: 10 | P10: 10 | Q10: 17 | R10: 16 | S10: 8 | T10: 6 | U10: 5 | V10: 5 | W10: 10 | X10: 10 | Y10: 10
A11: 3049 | B11: A | C11: 169 | D11: Muddassir M.Y | E11: Mohamed Yousuf | F11: Imam Shafi (rah) Matric Hr.Sec School | G11: Adirampattinam | H11: 15 | I11: 16 | J11: 10 | K11: 10 | L11: 5 | M11: 5 | N11: 10 | O11: 10 | P11: 3 | Q11: 18 | R11: 18 | S11: 8 | T11: 9 | U11: 5 | V11: 5 | W11: 8 | X11: 8 | Y11: 6

Sheet 5 RESULT
A1: S.No | B1: REG NO | C1: NAME | D1: FATHER'S NAME | E1: MADRASA NAME | F1: PLACE | G1: TOTAL
A2: 1 | B2: 562 | C2: Umar H | D2: Hasan Ali | E2: Ubay Ibn Ka'b Hifz Madarsa | F2: Dharmapuram | G2: 198
A3: 2 | B3: 565 | C3: Zakwan G | D3: Abdul Rahman G | E3: Jamia Darussalam Arabic College | F3: Oomerabad | G3: 198
A4: 3 | B4: 535 | C4: Mohammed Abubakkar Siddeiq M.S | D4: Mohammed Sulaiman | E4: Madhrasa-E-Noorul Islam Arabic College | F4: Salem | G4: 198
A5: 4 | B5: 553 | C5: Muslim S | D5: Syed Sulaiman A | E5: Madhrasathul Muslimeen Quran Memorizing School (JAQH) | F5: Tenkasi | G5: 198
A6: 5 | B6: 517 | C6: Anas Abdullah M.A | D6: Mogudoom Alaudeen H.M.F | E6: Madarasathul Azhar Li Thahfeezil Quranil Kareem | F6: Kayalpatnam | G6: 196
A7: 6 | B7: 507 | C7: Abdur Rahman N | D7: Nizar Hussain A | E7: Al Jamiathul Firdousiya Arabic College | F7: Nagercoil | G7: 189
A8: 7 | B8: 556 | C8: Saad | D8: Sirajur Rehaman | E8: Jamia Darussalam Arabic College | F8: Oomerabad | G8: 188
A9: 8 | B9: 557 | C9: Sadhu Hamthan | D9: Omar Abdullah | E9: Ubay Ibn Ka'b Hifz Madarsa | F9: Dharmapuram | G9: 182
A10: 9 | B10: 527 | C10: Mohamed Ibrahim T.S.M | D10: Mohamed Eassa T.A.S | E10: Jannathul Firdowse Hifl Madrasa | F10: Madurai | G10: 181
A11: 10 | B11: 511 | C11: Ahmed Ibrahim S | D11: Sahul Hameed | E11: L.K.Higher Secondary School | F11: Kayalpatnam | G11: 177

Sheet 15 RESULT
A1: S.No | B1: REG NO | C1: NAME | D1: FATHER'S NAME | E1: MADRASA NAME | F1: PLACE | G1: TOTAL
A2: 1 | B2: 1506 | C2: Abdullah Mackie G.M | D2: Gani Muhammad M.A | E2: Madarasathul Azhar Li Thahfeezil Quranil Kareem | F2: Kayalpatnam | G2: 194
A3: 2 | B3: 1516 | C3: Amanullah Hubaib I | D3: Imdadullah A | E3: Al Makthabathul Magudhoomiyya | F3: Kayalpatnam | G3: 190
A4: 3 | B4: 1502 | C4: Abdul Muiz | D4: Seyed Muhyiddeen | E4: Madarasathul Azhar Li Thahfeezil Quranil Kareem | F4: Kayalpatnam | G4: 188
A5: 4 | B5: 1504 | C5: Abdullah | D5: Jabbar Khan | E5: Ubay Ibn Ka'b Hifz Madarsa | F5: Dharmapuram | G5: 179
A6: 5 | B6: 1542 | C6: Sufyan Bin Shamsuddeen | D6: Shamsuddeen | E6: Unity Public School | F6: Chennai | G6: 173
A7: 6 | B7: 1533 | C7: Mohammed Yusuf Thalha S.B | D7: Basheer Ahamed S.B | E7: Madrasathul Hidhaya | F7: Kumbakonam | G7: 172
A8: 7 | B8: 1541 | C8: Sofi | D8: Mohamed | E8: Madrasa E Imdadiya For The Blind | F8: Melvisharam | G8: 168
A9: 8 | B9: 1510 | C9: Abdus Samad | D9: Jafar Shaikh | E9: Jamia Noman-Bin Sabith | F9: Rahmath Nagar, Cuddalore | G9: 162
A10: 9 | B10: 1530 | C10: Mohammed Naufal M | D10: Mohammed Meeran A | E10: Madarashathull Hamidiyah | F10: Dindigul | G10: 160
A11: 10 | B11: 1521 | C11: Kifayathullah | D11: Abdul Gafoor | E11: Al Madharasathul Salahiyya Arabic College | F11: Adirampattinam | G11: 158

Sheet 30 RESULT
A1: S.No | B1: REG NO | C1: NAME | D1: FATHER'S NAME | E1: MADRASA NAME | F1: PLACE | G1: TOTAL
A2: 1 | B2: 3059 | C2: Safwan Samsudeen | D2: Sirajudeen Samsudeen | E2: Unity Public School | F2: Chennai | G2: 193
A3: 2 | B3: 3031 | C3: Mohamed Khalid | D3: Mohamed Dawood | E3: Darul Uloom Faizul Islam | F3: Virinchipuram | G3: 191
A4: 3 | B4: 3045 | C4: Mohammed Talha | D4: Majeed Pasha | E4: Madrasa E Imdadul Uloom | F4: Pernambut | G4: 190
A5: 4 | B5: 3013 | C5: Afkar U.L | D5: Uvaisna Lebbau | E5: Madarasathul Azhar Li Thahfeezil Quranil Kareem | F5: Kayalpatnam | G5: 190
A6: 5 | B6: 3026 | C6: Mohamed Abdul Matheen A | D6: Abdul Gani N | E6: Al Madharsathul Muhammadiya (M.M.Arabic College) | F6: Udangudi | G6: 186
A7: 6 | B7: 3068 | C7: Rasmi Raed M.R | D7: Mohamed Razeen | E7: L.K.Higher Secondary School | F7: Kayalpatnam | G7: 181
A8: 7 | B8: 3009 | C8: Abdullah M.S.H | D8: Mohammed Seyed Hashan M.A.K | E8: Measi Matriculation Hr Sec School | F8: Chennai | G8: 173
A9: 8 | B9: 3052 | C9: Muhammed Farooq M | D9: Mohamed Ebrahim | E9: Unity Public School | F9: Chennai | G9: 169
A10: 9 | B10: 3021 | C10: Hameed Afnaan M M | D10: Mohammed Mohiddin | E10: L.K.Higher Secondary School | F10: Kayalpatnam | G10: 169
A11: 10 | B11: 3049 | C11: Muddassir M.Y | D11: Mohamed Yousuf | E11: Imam Shafi (rah) Matric Hr.Sec School | F11: Adirampattinam | G11: 169

Sheet FINAL 5 RESULT
A1: S.No | B1: REG NO | C1: NAME | D1: FATHER'S NAME | E1: MADRASA NAME | F1: PLACE | G1: TOTAL
A2: 1 | B2: 517 | C2: Anas Abdullah M.A | D2: Mogudoom Alaudeen H.M.F | E2: Madarasathul Azhar Li Thahfeezil Quranil Kareem | F2: Kayalpatnam | G2: 287 | H2: 60
A3: 2 | B3: 511 | C3: Ahmed Ibrahim S | D3: Sahul Hameed | E3: L.K.Higher Secondary School | F3: Kayalpatnam | G3: 262 | H3: 58
A4: 3 | B4: 507 | C4: Abdur Rahman N | D4: Nizar Hussain A | E4: Al Jamiathul Firdousiya Arabic College | F4: Nagercoil | G4: 255 | H4: 20
A5: 4 | B5: 535 | C5: Mohammed Abubakkar Siddeiq M.S | D5: Mohammed Sulaiman | E5: Madhrasa-E-Noorul Islam Arabic College | F5: Salem | G5: 248
A6: 5 | B6: 556 | C6: Saad | D6: Sirajur Rehaman | E6: Jamia Darussalam Arabic College | F6: Oomerabad | G6: 246
A7: 6 | B7: 557 | C7: Sadhu Hamthan | D7: Omar Abdullah | E7: Ubay Ibn Ka'b Hifz Madarsa | F7: Dharmapuram | G7: 232
A8: 7 | B8: 565 | C8: Zakwan G | D8: Abdul Rahman G | E8: Jamia Darussalam Arabic College | F8: Oomerabad | G8: 190
A9: 8 | B9: 562 | C9: Umar H | D9: Hasan Ali | E9: Ubay Ibn Ka'b Hifz Madarsa | F9: Dharmapuram | G9: 143
A10: 9 | B10: 527 | C10: Mohamed Ibrahim T.S.M | D10: Mohamed Eassa T.A.S | E10: Jannathul Firdowse Hifl Madrasa | F10: Madurai | G10: 127
A11: 10 | B11: 553 | C11: Muslim S | D11: Syed Sulaiman A | E11: Madhrasathul Muslimeen Quran Memorizing School (JAQH) | F11: Tenkasi | G11: 113

Sheet be
A1: I.NO | B1: REG NO | C1: NAME | D1: FATHER'S NAME | E1: I. Name | F1: TOWN | G1: TOTAL | H1: STAGE | I1: J1 - HIFZ-1 | J1: J1 - HIFZ-2 | K1: J1 - TAJ -1 | L1: J1 - TAJ -2 | M1: J1 - ISMU -1 | N1: J1 - ISMU -2 | O1: J1 - MUTH -1 | P1: J1 - MUTH -2 | Q1: J1 - MUTH -3 | R1: J2 - HIFZ-1 | S1: J2 - HIFZ-2 | T1: J2 - TAJ -1 | U1: J2 - TAJ -2 | V1: J2 - ISMU -1 | W1: J2 - ISMU -2 | X1: J2 - MUTH -1 | Y1: J2 - MUTH -2 | Z1: J2 - MUTH -3
A2: 26 | B2: 3030 | C2: Mohamed Hasan S | D2: Sowgath Ali | E2: Darussalam Arabic College | F2: Avaniyapuram | G2: 71 | H2: B | I2: 20 | J2: 0 | K2: 5 | L2: 7 | M2: 0 | N2: 5 | O2: 0 | P2: 0 | Q2: 0 | R2: 20 | S2: 5 | T2: 6 | U2: 3 | V2: 0 | W2: 0 | X2: 0 | Y2: 0 | Z2: 0
A3: 57 | B3: 3007 | C3: Abdullah A.R | D3: Abdul Rahim M.H | E3: Al Makthabathul Magudhoomiyya | F3: Kayalpatnam | G3: 132 | H3: B | I3: 18 | J3: 10 | K3: 7 | L3: 4 | M3: 5 | N3: 5 | O3: 10 | P3: 7 | Q3: 0 | R3: 20 | S3: 0 | T3: 8 | U3: 8 | V3: 5 | W3: 5 | X3: 10 | Y3: 10 | Z3: 0
A4: 72 | B4: 3020 | C4: Dasthageer K.M | D4: Ismail K.M | E4: Madrasa E Imdadiya For The Blind | F4: Melvisharam | G4: 170 | H4: B | I4: 20 | J4: 20 | K4: 9 | L4: 8 | M4: 5 | N4: 5 | O4: 10 | P4: 8 | Q4: 0 | R4: 20 | S4: 20 | T4: 9 | U4: 9 | V4: 5 | W4: 5 | X4: 10 | Y4: 7 | Z4: 0
A5: 63 | B5: 3015 | C5: Ahamed Ibrahim R | D5: Rafeek MuhamedMusthafa | E5: SFTC Tutorial & Tution Centre | F5: Kayalpatnam | G5: 0 | H5: B | I5: 0 | J5: 0 | K5: 0 | L5: 0 | M5: 0 | N5: 0 | O5: 0 | P5: 0 | Q5: 0 | R5: 0 | S5: 0 | T5: 0 | U5: 0 | V5: 0 | W5: 0 | X5: 0 | Y5: 0 | Z5: 0
A6: 29 | B6: 3038 | C6: Mohamed Shehin S | D6: Saidalavi | E6: Gift Islamic Academy | F6: Gudalur | G6: 2 | H6: B | I6: 0 | J6: 0 | K6: 0 | L6: 0 | M6: 0 | N6: 0 | O6: 0 | P6: 0 | Q6: 0 | R6: 2 | S6: 0 | T6: 0 | U6: 0 | V6: 0 | W6: 0 | X6: 0 | Y6: 0 | Z6: 0
A7: 57 | B7: 3061 | C7: Seyed Omer A | D7: Abdullah S.O | E7: Al Makthabathul Magudhoomiyya | F7: Kayalpatnam | G7: 113 | H7: A | I7: 0 | J7: 7 | K7: 3 | L7: 3 | M7: 3 | N7: 3 | O7: 9 | P7: 9 | Q7: 9 | R7: 8 | S7: 15 | T7: 5 | U7: 5 | V7: 4 | W7: 4 | X7: 8 | Y7: 8 | Z7: 10
A8: 73 | B8: 3045 | C8: Mohammed Talha | D8: Majeed Pasha | E8: Madrasa E Imdadul Uloom | F8: Pernambut | G8: 190 | H8: A | I8: 19 | J8: 19 | K8: 8 | L8: 10 | M8: 5 | N8: 5 | O8: 10 | P8: 10 | Q8: 10 | R8: 20 | S8: 18 | T8: 8 | U8: 8 | V8: 5 | W8: 5 | X8: 10 | Y8: 10 | Z8: 10
A9: 56 | B9: 3027 | C9: Mohamed Aslam R | D9: Raja Mohamed | E9: Al Mahir Quran Memorizing School | F9: Kayalpatnam | G9: 76 | H9: A | I9: 10 | J9: 8 | K9: 7 | L9: 6 | M9: 4 | N9: 5 | O9: 8 | P9: 7 | Q9: 0 | R9: 3 | S9: 7 | T9: 2 | U9: 2 | V9: 1 | W9: 2 | X9: 2 | Y9: 2 | Z9: 0
A10: 29 | B10: 3064 | C10: Syed Hasan S.S | D10: Syed Sajjath H | E10: Gift Islamic Academy | F10: Gudalur | G10: 0 | H10: A | I10: 0 | J10: 0 | K10: 0 | L10: 0 | M10: 0 | N10: 0 | O10: 0 | P10: 0 | Q10: 0 | R10: 0 | S10: 0 | T10: 0 | U10: 0 | V10: 0 | W10: 0 | X10: 0 | Y10: 0 | Z10: 0
A11: 05 | B11: 3010 | C11: Abdur Rahman | D11: Abdul Ghani | E11: Madrasa Ubai Ibn Ka'b | F11: Chennai | G11: 154 | H11: A | I11: 20 | J11: 15 | K11: 10 | L11: 10 | M11: 5 | N11: 5 | O11: 10 | P11: 0 | Q11: 0 | R11: 18 | S11: 16 | T11: 8 | U11: 9 | V11: 5 | W11: 5 | X11: 8 | Y11: 5 | Z11: 5
A12: 12 | B12: 3056 | C12: Nihaal M | D12: Mohammed Haneefa | E12: Pristine Public School | F12: Coimbatore | G12: 114 | H12: A | I12: 16 | J12: 10 | K12: 5 | L12: 5 | M12: 3 | N12: 3 | O12: 0 | P12: 0 | Q12: 0 | R12: 18 | S12: 19 | T12: 8 | U12: 9 | V12: 5 | W12: 5 | X12: 8 | Y12: 0 | Z12: 0
A13: 36 | B13: 1524 | C13: Mohamed Munaf | D13: Dulfikar Hasan | E13: Al-Aqsa Quran Study Center | F13: Kilakarai | G13: 74 | H13: C | I13: 8 | J13: 8 | K13: 6 | L13: 6 | M13: 5 | N13: 0 | O13: 2 | P13: 2 | Q13: 2 | R13: 8 | S13: 8 | T13: 5 | U13: 5 | V13: 0 | W13: 0 | X13: 3 | Y13: 3 | Z13: 3
... A76: 33 | B76: 1540 | C76: Nijardeen T | D76: Tajdeen | E76: Bright Islamic School | F76: Karambakkudi | G76: 68 | H76: C | I76: 17 | J76: 0 | K76: 7 | L76: 0 | M76: 5 | N76: 0 | O76: 0 | P76: 8 | Q76: 0 | R76: 14 | S76: 0 | T76: 4 | U76: 0 | V76: 5 | W76: 0 | X76: 8 | Y76: 0 | Z76: 0
A77: 45 | B77: 1520 | C77: Jumail Ahmed | D77: Mohammed Rafeek K | E77: Al Jamiyathul Islamiya | F77: Ayyampet | G77: 116 | H77: C | I77: 20 | J77: 16 | K77: 7 | L77: 8 | M77: 5 | N77: 5 | O77: 10 | P77: 0 | Q77: 0 | R77: 2 | S77: 16 | U77: 7 | V77: 5 | W77: 5 | X77: 10 | Y77: 0 | Z77: 0
A78: 04 | B78: 3057 | C78: Omer Abdul Cader S.M | D78: Seyed Mohammed O.A.C | E78: Kilakarai Bukhari Aalim Arabic College | F78: Chennai | G78: 80 | H78: A | I78: 8 | J78: 3 | K78: 2 | L78: 2 | M78: 1 | N78: 1 | O78: 0 | P78: 0 | Q78: 0 | R78: 16 | S78: 17 | T78: 8 | U78: 4 | V78: 5 | W78: 5 | X78: 8 | Y78: 0 | Z78: 0
A79: 06 | B79: 3009 | C79: Abdullah M.S.H | D79: Mohammed Seyed Hashan M.A.K | E79: Measi Matriculation Hr Sec School | F79: Chennai | G79: 173 | H79: A | I79: 20 | J79: 20 | K79: 9 | L79: 9 | M79: 5 | N79: 3 | O79: 10 | P79: 7 | Q79: 0 | R79: 20 | S79: 20 | T79: 9 | U79: 10 | V79: 0 | W79: 5 | X79: 10 | Y79: 8 | Z79: 8
A80: 27 | B80: 527 | C80: Mohamed Ibrahim T.S.M | D80: Mohamed Eassa T.A.S | E80: Jannathul Firdowse Hifl Madrasa | F80: Madurai | G80: 181 | H80: D | I80: 20 | J80: 20 | K80: 6 | L80: 10 | M80: 5 | N80: 5 | O80: 10 | P80: 15 | Q80: 0 | R80: 15 | S80: 20 | T80: 8 | U80: 7 | V80: 5 | W80: 5 | X80: 15 | Y80: 15 | Z80: 0
A81: 16 | B81: 542 | C81: Mohammed Moin | D81: Mohammed Murshid | E81: Madrasa-E-Merajul Uloom | F81: Dharmapuri | G81: 118 | H81: D | I81: 15 | J81: 10 | K81: 6 | L81: 5 | M81: 5 | N81: 0 | O81: 9 | P81: 5 | Q81: 0 | R81: 15 | S81: 5 | T81: 6 | U81: 5 | V81: 5 | W81: 0 | X81: 15 | Y81: 12 | Z81: 0
A82: 58 | B82: 503 | C82: Abdul Kaathir J.M | D82: Jamal Mohamed A.K | E82: L.K.Higher Secondary School | F82: Kayalpatnam | G82: 154 | H82: D | I82: 15 | J82: 18 | K82: 6 | L82: 5 | M82: 5 | N82: 5 | O82: 12 | P82: 11 | Q82: 0 | R82: 15 | S82: 17 | T82: 5 | U82: 5 | V82: 5 | W82: 5 | X82: 10 | Y82: 15 | Z82: 0
A83: 29 | B83: 504 | C83: Abdullah A | D83: Abdul Nazer V.M | E83: Gift Islamic Academy | F83: Gudalur | G83: 153 | H83: D | I83: 13 | J83: 12 | K83: 7 | L83: 5 | M83: 5 | N83: 5 | O83: 12 | P83: 15 | Q83: 0 | R83: 15 | S83: 13 | T83: 9 | U83: 12 | V83: 5 | W83: 5 | X83: 10 | Y83: 10 | Z83: 0
A84: 32 | B84: 532 | C84: Mohamed Tanzeem I | D84: Ifthihar Rahman | E84: Al Munawara Islamic School | F84: Sivapuram | G84: 149 | H84: D | I84: 10 | J84: 10 | K84: 5 | L84: 9 | M84: 5 | N84: 5 | O84: 15 | P84: 15 | Q84: 0 | R84: 8 | S84: 13 | T84: 7 | U84: 7 | V84: 5 | W84: 5 | X84: 15 | Y84: 15 | Z84: 0
A85: 60 | B85: 512 | C85: Ahnaf T.A | D85: Thameem Ansari T | E85: Madarasathul Azhar Li Thahfeezil Quranil Kareem | F85: Kayalpatnam | G85: 107 | H85: E | I85: 15 | J85: 0 | K85: 10 | L85: 6 | M85: 5 | N85: 5 | O85: 10 | P85: 0 | Q85: 0 | R85: 15 | S85: 10 | T85: 5 | U85: 6 | V85: 5 | W85: 5 | X85: 10 | Y85: 0 | Z85: 0
A86: 40 | B86: 529 | C86: Mohamed Mubid | D86: Ameer John | E86: Hameedia Elementary School | F86: Ilayangudi | G86: 193 | H86: E | I86: 20 | J86: 15 | K86: 10 | L86: 10 | M86: 5 | N86: 5 | O86: 15 | P86: 15 | Q86: 0 | R86: 20 | S86: 18 | T86: 10 | U86: 10 | V86: 5 | W86: 5 | X86: 15 | Y86: 15 | Z86: 0
A87: 56 | B87: 555 | C87: Rayyaan H | D87: Haja Mohaitheen | E87: Al Mahir Quran Memorizing School | F87: Kayalpatnam | G87: 149 | H87: E | I87: 15 | J87: 12 | K87: 8 | L87: 8 | M87: 5 | N87: 5 | O87: 15 | P87: 15 | Q87: 0 | R87: 5 | S87: 5 | T87: 8 | U87: 8 | V87: 5 | W87: 5 | X87: 15 | Y87: 15 | Z87: 0
A88: 36 | B88: 521 | C88: Farzeen | D88: Hasan Fareed | E88: Al-Aqsa Quran Study Center | F88: Kilakarai | G88: 147.5 | H88: E | I88: 5 | J88: 15 | K88: 10 | L88: 10 | M88: 5 | N88: 5 | O88: 12.5 | P88: 13 | Q88: 0 | R88: 15 | S88: 15 | T88: 8 | U88: 8 | V88: 5 | W88: 5 | X88: 8 | Y88: 8 | Z88: 0
A89: 27 | B89: 536 | C89: Mohammed Ali R | D89: Raja Hussain | E89: Jannathul Firdowse Hifl Madrasa | F89: Madurai | G89: 127 | H89: E | I89: 15 | J89: 20 | K89: 8 | L89: 8 | M89: 0 | N89: 0 | O89: 8 | P89: 8 | Q89: 0 | R89: 5 | S89: 10 | T89: 10 | U89: 10 | V89: 0 | W89: 0 | X89: 10 | Y89: 15 | Z89: 0
... A175: 32 | B175: 1536 | C175: Muhammad Faahim | D175: Maashukur Rahman | E175: Al Munawara Islamic School | F175: Sivapuram | G175: 152 | H175: C | I175: 16 | J175: 10 | K175: 6 | L175: 4 | M175: 5 | N175: 5 | O175: 6 | P175: 10 | Q175: 10 | R175: 16 | S175: 10 | T175: 8 | U175: 8 | V175: 5 | W175: 5 | X175: 8 | Y175: 10 | Z175: 10
A176: #N/A | C176: #N/A | D176: #N/A | E176: #N/A | F176: #N/A | G176: 0
A177: #N/A | C177: #N/A | D177: #N/A | E177: #N/A | F177: #N/A | G177: 0
A178: #N/A | C178: #N/A | D178: #N/A | E178: #N/A | F178: #N/A | G178: 0
A179: #N/A | C179: #N/A | D179: #N/A | E179: #N/A | F179: #N/A | G179: 0
A180: #N/A | C180: #N/A | D180: #N/A | E180: #N/A | F180: #N/A | G180: 0
A181: #N/A | C181: #N/A | D181: #N/A | E181: #N/A | F181: #N/A | G181: 0
A182: #N/A | C182: #N/A | D182: #N/A | E182: #N/A | F182: #N/A | G182: 0
G234: =SUBTOTAL(9,G2:G233) -> 20288

Sheet FINAL 15 RESULT
A1: S.No | B1: REG NO | C1: NAME | D1: FATHER'S NAME | E1: MADRASA NAME | F1: PLACE | G1: TOTAL
A2: 1 | B2: 1502 | C2: Abdul Muiz | D2: Seyed Muhyiddeen | E2: Madarasathul Azhar Li Thahfeezil Quranil Kareem | F2: Kayalpatnam | G2: 270.5 | H2: 60
A3: 2 | B3: 1504 | C3: Abdullah | D3: Jabbar Khan | E3: Ubay Ibn Ka'b Hifz Madarsa | F3: Dharmapuram | G3: 236 | H3: 23
A4: 3 | B4: 1541 | C4: Sofi (Hifz=67, Taj=24) | D4: Mohamed | E4: Madrasa E Imdadiya For The Blind | F4: Melvisharam | G4: 216 | H4: 72
A5: 4 | B5: 1521 | C5: Kifayathullah (Hifz=49, Taj=26) | D5: Abdul Gafoor | E5: Al Madharasathul Salahiyya Arabic College | F5: Adirampattinam | G5: 216
A6: 5 | B6: 1506 | C6: Abdullah Mackie G.M | D6: Gani Muhammad M.A | E6: Madarasathul Azhar Li Thahfeezil Quranil Kareem | F6: Kayalpatnam | G6: 215
A7: 6 | B7: 1542 | C7: Sufyan Bin Shamsuddeen | D7: Shamsuddeen | E7: Unity Public School | F7: Chennai | G7: 200.5
A8: 7 | B8: 1516 | C8: Amanullah Hubaib I | D8: Imdadullah A | E8: Al Makthabathul Magudhoomiyya | F8: Kayalpatnam | G8: 136
A9: 8 | B9: 1510 | C9: Abdus Samad | D9: Jafar Shaikh | E9: Jamia Noman-Bin Sabith | F9: Rahmath Nagar | G9: 90.5
A10: 9 | B10: 1530 | C10: Mohammed Naufal M | D10: Mohammed Meeran A | E10: Madarashathull Hamidiyah | F10: Dindigul | G10: 71
A11: 10 | B11: 1533 | C11: Mohammed Yusuf Thalha S.B | D11: Basheer Ahamed S.B | E11: Madrasathul Hidhaya | F11: Kumbakonam | G11: 61.5

Sheet FINAL 30 RESULT
A1: S.No | B1: REG NO | C1: NAME | D1: FATHER'S NAME | E1: MADRASA NAME | F1: PLACE | G1: TOTAL
A2: 1 | B2: 3045 | C2: Mohammed Talha | D2: Majeed Pasha | E2: Madrasa E Imdadul Uloom | F2: Pernambut | G2: 287
A3: 2 | B3: 3013 | C3: Afkar U.L | D3: Uvaisna Lebbau | E3: Madarasathul Azhar Li Thahfeezil Quranil Kareem | F3: Kayalpatnam | G3: 264
A4: 3 | B4: 3026 | C4: Mohamed Abdul Matheen A | D4: Abdul Gani N | E4: Al Madharsathul Muhammadiya (M.M.Arabic College) | F4: Udangudi | G4: 261
A5: 4 | B5: 3009 | C5: Abdullah M.S.H | D5: Mohammed Seyed Hashan M.A.K | E5: Measi Matriculation Hr Sec School | F5: Chennai | G5: 256
A6: 5 | B6: 3068 | C6: Rasmi Raed M.R | D6: Mohamed Razeen | E6: L.K.Higher Secondary School | F6: Kayalpatnam | G6: 244
A7: 6 | B7: 3052 | C7: Muhammed Farooq M | D7: Mohamed Ebrahim | E7: Unity Public School | F7: Chennai | G7: 239.5
A8: 7 | B8: 3021 | C8: Hameed Afnaan M M | D8: Mohammed Mohiddin | E8: L.K.Higher Secondary School | F8: Kayalpatnam | G8: 208
A9: 8 | B9: 3031 | C9: Mohamed Khalid | D9: Mohamed Dawood | E9: Darul Uloom Faizul Islam | F9: Virinchipuram | G9: 183
A10: 9 | B10: 3059 | C10: Safwan Samsudeen | D10: Sirajudeen Samsudeen | E10: Unity Public School | F10: Chennai | G10: 160.5
A11: 10 | B11: 3049 | C11: Muddassir M.Y | D11: Mohamed Yousuf | E11: Imam Shafi (rah) Matric Hr.Sec School | F11: Adirampattinam | G11: 52

Sheet WINNERS
A1: 5 JUZZ WINNERS
A2: S.No | B2: REG NO | C2: NAME | D2: FATHER'S NAME | E2: MADRASA NAME | F2: PLACE | G2: TOTAL
A3: 1 | B3: 517 | C3: Anas Abdullah M.A | D3: Mogudoom Alaudeen H.M.F | E3: Madarasathul Azhar Li Thahfeezil Quranil Kareem | F3: Kayalpatnam | G3: 287
A4: 2 | B4: 511 | C4: Ahmed Ibrahim S | D4: Sahul Hameed | E4: L.K.Higher Secondary School | F4: Kayalpatnam | G4: 262
A5: 3 | B5: 507 | C5: Abdur Rahman N | D5: Nizar Hussain A | E5: Al Jamiathul Firdousiya Arabic College | F5: Nagercoil | G5: 255
A6: 15 JUZZ WINNERS
A7: 1 | B7: 1502 | C7: Abdul Muiz | D7: Seyed Muhyiddeen | E7: Madarasathul Azhar Li Thahfeezil Quranil Kareem | F7: Kayalpatnam | G7: 270.5
A8: 2 | B8: 1504 | C8: Abdullah | D8: Jabbar Khan | E8: Ubay Ibn Ka'b Hifz Madarsa | F8: Dharmapuram | G8: 236
A9: 3 | B9: 1541 | C9: Sofi | D9: Mohamed | E9: Madrasa E Imdadiya For The Blind | F9: Melvisharam | G9: 216
A10: 30 JUZZ WINNERS
A11: 1 | B11: 3045 | C11: Mohammed Talha | D11: Majeed Pasha | E11: Madrasa E Imdadul Uloom | F11: Pernambut | G11: 287
A12: 2 | B12: 3013 | C12: Afkar U.L | D12: Uvaisna Lebbai | E12: Madarasathul Azhar Li Thahfeezil Quranil Kareem | F12: Kayalpatnam | G12: 264
A13: 3 | B13: 3026 | C13: Mohamed Abdul Matheen A | D13: Abdul Gani N | E13: Al Madharsathul Muhammadiya (M.M.Arabic College) | F13: Udangudi | G13: 261

Sheet CONSOLATION
A1: 5 JUZZ CONSOLATION
A2: S.No | B2: REG NO | C2: NAME | D2: FATHER'S NAME | E2: MADRASA NAME | F2: PLACE
A3: 4 | B3: 535 | C3: Mohammed Abubakkar Siddeiq M.S | D3: Mohammed Sulaiman | E3: Madhrasa-E-Noorul Islam Arabic College | F3: Salem
A4: 5 | B4: 556 | C4: Saad | D4: Sirajur Rehaman | E4: Jamia Darussalam Arabic College | F4: Oomerabad
A5: 6 | B5: 557 | C5: Sadhu Hamthan | D5: Omar Abdullah | E5: Ubay Ibn Ka'b Hifz Madarsa | F5: Dharmapuram
A6: 7 | B6: 565 | C6: Zakwan G | D6: Abdul Rahman G | E6: Jamia Darussalam Arabic College | F6: Oomerabad
A7: 8 | B7: 562 | C7: Umar H | D7: Hasan Ali | E7: Ubay Ibn Ka'b Hifz Madarsa | F7: Dharmapuram
A8: 9 | B8: 527 | C8: Mohamed Ibrahim T.S.M | D8: Mohamed Eassa T.A.S | E8: Jannathul Firdowse Hifl Madrasa | F8: Madurai
A9: 10 | B9: 553 | C9: Muslim S | D9: Syed Sulaiman A | E9: Madhrasathul Muslimeen Quran Memorizing School (JAQH) | F9: Tenkasi
A10: 15 JUZZ CONSOLATION
A11: 4 | B11: 1521 | C11: Kifayathullah | D11: Abdul Gafoor | E11: Al Madharasathul Salahiyya Arabic College | F11: Adirampattinam
A12: 5 | B12: 1506 | C12: Abdullah Mackie G.M | D12: Gani Muhammad M.A | E12: Madarasathul Azhar Li Thahfeezil Quranil Kareem | F12: Kayalpatnam
A13: 6 | B13: 1542 | C13: Sufyan Bin Shamsuddeen | D13: Shamsuddeen | E13: Unity Public School | F13: Chennai
A14: 7 | B14: 1516 | C14: Amanullah Hubaib I | D14: Imdadullah A | E14: Al Makthabathul Magudhoomiyya | F14: Kayalpatnam
A15: 8 | B15: 1510 | C15: Abdus Samad | D15: Jafar Shaikh | E15: Jamia Noman-Bin Sabith | F15: Rahmath Nagar,Krishnagiri
A16: 9 | B16: 1530 | C16: Mohammed Naufal M | D16: Mohammed Meeran A | E16: Madarashathull Hamidiyah | F16: Dindigul
A17: 10 | B17: 1533 | C17: Mohammed Yusuf Thalha S.B | D17: Basheer Ahamed S.B | E17: Madrasathul Hidhaya | F17: Kumbakonam
A18: 30 JUZZ CONSOLATION
A19: 4 | B19: 3009 | C19: Abdullah M.S.H | D19: Mohammed Seyed Hashan M.A.K | E19: Measi Matriculation Hr Sec School | F19: Chennai
A20: 5 | B20: 3068 | C20: Rasmi Raed M.R | D20: Mohamed Razeen | E20: L.K.Higher Secondary School | F20: Kayalpatnam
A21: 6 | B21: 3052 | C21: Muhammed Farooq M | D21: Mohamed Ebrahim | E21: Unity Public School | F21: Chennai
A22: 7 | B22: 3021 | C22: Hameed Afnaan M M | D22: Mohammed Mohiddin | E22: L.K.Higher Secondary School | F22: Kayalpatnam
A23: 8 | B23: 3031 | C23: Mohamed Khalid | D23: Mohamed Dawood | E23: Darul Uloom Faizul Islam | F23: Virinchipuram
A24: 9 | B24: 3059 | C24: Safwan Samsudeen | D24: Sirajudeen Samsudeen | E24: Unity Public School | F24: Chennai
A25: 10 | B25: 3049 | C25: Muddassir M.Y | D25: Mohamed Yousuf | E25: Imam Shafi (rah) Matric Hr.Sec School | F25: Adirampattinam

Sheet BLIND
A1: Madrasa E Imdadiya For The Blind, Melvisharam
A2: S.NO | B2: NAME | C2: FATHER'S NAME
A3: 1 | B3: Sofi | C3: Mohamed
A4: 2 | B4: Mohammed Umaer P | C4: Nasir Ahmed P
A5: 3 | B5: Dasthageer K.M | C5: Ismail K.M
A6: 4 | B6: Syed Abrarul Haq | C6: Athaullah
A7: 5 | B7: Mohammed Omer Hassan K.R | C7: Nazim Hussain K.R
A8: 6 | B8: Mohammed Ismail Ghufraan | C8: Mohammed Osman

Sheet Sheet6
A1: REG NO | B1: NAME | C1: FATHER'S NAME | D1: I. Name | E1: TOWN | F1: TOTAL | G1: STAGE | H1: J1 - HIFZ-1 | I1: J1 - TAJ -1 | J1: J1 - ISMU -1 | K1: J1 - MUTH -11 | L1: J1 - MUTH -12 | M1: J1 - MUTH -13 | N1: J1 - MUTH -14 | O1: J1 - MUTH -21 | P1: J1 - MUTH -22 | Q1: J1 - MUTH -23 | R1: J1 - MUTH -24 | S1: J2 - HIFZ-1 | T1: J2 - TAJ -1 | U1: J2 - ISMU -1 | V1: J2 - MUTH -11 | W1: J2 - MUTH -12 | X1: J2 - MUTH -13 | Y1: J2 - MUTH -14 | Z1: J2 - MUTH -21 | AA1: J2 - MUTH -22 | AB1: J2 - MUTH -23 | AC1: J2 - MUTH -24 | AD1: J3 - HIFZ-1 | AE1: J3 - TAJ -1 | AF1: J3 - ISMU -1 | AG1: J3 - MUTH -11 | AH1: J3 - MUTH -12 | AI1: J3 - MUTH -13 | AJ1: J3 - MUTH -14 | AK1: J3 - MUTH -21 | AL1: J3 - MUTH -22 | AM1: J3 - MUTH -23 | AN1: J3 - MUTH -24
A2: 3045 | B2: Mohammed Talha | C2: Majeed Pasha | D2: Madrasa E Imdadul Uloom | E2: Pernambut | F2: 287 | G2: 30 | H2: 24 | I2: 8 | J2: 5 | K2: 7.5 | L2: 7.5 | M2: 7.5 | N2: 7.5 | O2: 7.5 | P2: 7.5 | Q2: 7.5 | R2: 5 | S2: 23 | T2: 8 | U2: 5 | V2: 7.5 | W2: 7 | X2: 7 | Y2: 7 | Z2: 7.5 | AA2: 7.5 | AB2: 7.5 | AC2: 7.5 | AD2: 25 | AE2: 9 | AF2: 5 | AG2: 7.5 | AH2: 7.5 | AI2: 7.5 | AJ2: 7 | AK2: 7.5 | AL2: 7.5 | AM2: 7.5 | AN2: 7
A3: 3013 | B3: Afkar U.L | C3: Uvaisna Lebbau | D3: Madarasathul Azhar Li Thahfeezil Quranil Kareem | E3: Kayalpatnam | F3: 264 | G3: 30 | H3: 25 | I3: 7 | J3: 5 | K3: 7.5 | L3: 7.5 | M3: 7.5 | N3: 7.5 | O3: 7.5 | P3: 7.5 | Q3: 7.5 | R3: 0 | S3: 22 | T3: 6 | U3: 5 | V3: 7.5 | W3: 7.5 | X3: 7.5 | Y3: 7 | Z3: 7.5 | AA3: 7.5 | AB3: 7.5 | AC3: 0 | AD3: 24 | AE3: 8 | AF3: 5 | AG3: 7.5 | AH3: 7.5 | AI3: 7.5 | AJ3: 7.5 | AK3: 7.5 | AL3: 7.5 | AM3: 7.5 | AN3: 0
A4: 3026 | B4: Mohamed Abdul Matheen A | C4: Abdul Gani N | D4: Al Madharsathul Muhammadiya (M.M.Arabic College) | E4: Udangudi | F4: 261 | G4: 30 | H4: 21 | I4: 7 | J4: 5 | K4: 7.5 | L4: 7.5 | M4: 7.5 | N4: 6 | O4: 7.5 | P4: 0 | Q4: 7.5 | R4: 7.5 | S4: 23 | T4: 9 | U4: 4 | V4: 7.5 | W4: 7.5 | X4: 7.5 | Y4: 0 | Z4: 7.5 | AA4: 7.5 | AB4: 7.5 | AC4: 7.5 | AD4: 23 | AE4: 8 | AF4: 5 | AG4: 7.5 | AH4: 7.5 | AI4: 7.5 | AJ4: 0 | AK4: 7.5 | AL4: 7.5 | AM4: 7.5 | AN4: 7.5
A5: 3009 | B5: Abdullah M.S.H | C5: Mohammed Seyed Hashan M.A.K | D5: Measi Matriculation Hr Sec School | E5: Chennai | F5: 256 | G5: 30 | H5: 20 | I5: 7 | J5: 5 | K5: 7.5 | L5: 7.5 | M5: 5 | N5: 7.5 | O5: 7.5 | P5: 7.5 | Q5: 7.5 | R5: 3 | S5: 13 | T5: 6 | U5: 5 | V5: 7.5 | W5: 7.5 | X5: 6.5 | Y5: 7.5 | Z5: 7.5 | AA5: 7 | AB5: 7 | AC5: 6 | AD5: 20 | AE5: 9 | AF5: 5 | AG5: 7.5 | AH5: 7.5 | AI5: 7.5 | AJ5: 5 | AK5: 7.5 | AL5: 7.5 | AM5: 7.5 | AN5: 6.5
A6: 3068 | B6: Rasmi Raed M.R | C6: Mohamed Razeen | D6: L.K.Higher Secondary School | E6: Kayalpatnam | F6: 244 | G6: 30 | H6: 16 | I6: 8 | J6: 4 | K6: 7.5 | L6: 7.5 | M6: 7.5 | N6: 0 | O6: 7.5 | P6: 7.5 | Q6: 7.5 | R6: 7.5 | S6: 20 | T6: 8 | U6: 5 | V6: 7.5 | W6: 7.5 | X6: 7.5 | Y6: 0 | Z6: 7.5 | AA6: 7.5 | AB6: 7.5 | AC6: 5 | AD6: 18 | AE6: 8 | AF6: 5 | AG6: 5 | AH6: 7.5 | AI6: 7.5 | AJ6: 7.5 | AK6: 7 | AL6: 7.5 | AM6: 0 | AN6: 7.5
A7: 3052 | B7: Muhammed Farooq M | C7: Mohamed Ebrahim | D7: Unity Public School | E7: Chennai | F7: 239.5 | G7: 30 | H7: 23 | I7: 8 | J7: 5 | K7: 7.5 | L7: 7.5 | M7: 7.5 | N7: 7.5 | O7: 7.5 | P7: 0 | Q7: 7.5 | R7: 0 | S7: 23 | T7: 8 | U7: 5 | V7: 7.5 | W7: 7.5 | X7: 7.5 | Y7: 0 | Z7: 7.5 | AA7: 7.5 | AB7: 7.5 | AC7: 0 | AD7: 22 | AE7: 6 | AF7: 5 | AG7: 7.5 | AH7: 7.5 | AI7: 7.5 | AJ7: 0 | AK7: 7 | AL7: 7.5 | AM7: 7.5 | AN7: 0
A8: 3021 | B8: Hameed Afnaan M M | C8: Mohammed Mohiddin | D8: L.K.Higher Secondary School | E8: Kayalpatnam | F8: 208 | G8: 30 | H8: 25 | I8: 8 | J8: 3 | K8: 7.5 | L8: 3 | M8: 7.5 | N8: 0 | O8: 6 | P8: 0 | Q8: 5 | R8: 0 | S8: 25 | T8: 9 | U8: 5 | V8: 7.5 | W8: 7.5 | X8: 7.5 | Y8: 0 | Z8: 7.5 | AA8: 5 | AB8: 0 | AC8: 0 | AD8: 22 | AE8: 8 | AF8: 4 | AG8: 7 | AH8: 7 | AI8: 7 | AJ8: 0 | AK8: 7 | AL8: 7 | AM8: 0 | AN8: 0
A9: 3031 | B9: Mohamed Khalid | C9: Mohamed Dawood | D9: Darul Uloom Faizul Islam | E9: Virinchipuram | F9: 183 | G9: 30 | H9: 23 | I9: 8 | J9: 5 | K9: 7.5 | L9: 7 | M9: 7.5 | N9: 0 | O9: 0 | P9: 0 | Q9: 5 | R9: 0 | S9: 22 | T9: 7 | U9: 5 | V9: 7.5 | W9: 7.5 | X9: 0 | Y9: 0 | Z9: 7.5 | AA9: 7 | AB9: 0 | AC9: 0 | AD9: 18 | AE9: 8 | AF9: 3 | AG9: 7.5 | AH9: 7.5 | AI9: 0 | AJ9: 0 | AK9: 7.5 | AL9: 5 | AM9: 0 | AN9: 0
A10: 3059 | B10: Safwan Samsudeen | C10: Sirajudeen Samsudeen | D10: Unity Public School | E10: Chennai | F10: 160.5 | G10: 30 | H10: 17 | I10: 7 | J10: 5 | K10: 6 | L10: 0 | M10: 7.5 | N10: 0 | O10: 7 | P10: 0 | Q10: 5 | R10: 0 | S10: 10 | T10: 8 | U10: 3 | V10: 7 | W10: 7.5 | X10: 0 | Y10: 0 | Z10: 6 | AA10: 7 | AB10: 0 | AC10: 0 | AD10: 18 | AE10: 7 | AF10: 5 | AG10: 7.5 | AH10: 7.5 | AI10: 0 | AJ10: 0 | AK10: 5 | AL10: 7.5 | AM10: 0 | AN10: 0
A11: 3049 | B11: Muddassir M.Y | C11: Mohamed Yousuf | D11: Imam Shafi (rah) Matric Hr.Sec School | E11: Adirampattinam | F11: 52 | G11: 30 | H11: 0 | I11: 8 | J11: 3 | K11: 7.5 | L11: 0 | M11: 0 | N11: 0 | O11: 0 | P11: 0 | Q11: 0 | R11: 0 | S11: 0 | T11: 8 | U11: 0 | V11: 7.5 | W11: 0 | X11: 0 | Y11: 0 | Z11: 0 | AA11: 0 | AB11: 0 | AC11: 0 | AD11: 0 | AE11: 8 | AF11: 3 | AG11: 7 | AH11: 0 | AI11: 0 | AJ11: 0 | AK11: 0 | AL11: 0 | AM11: 0 | AN11: 0

Sheet Sheet1
A1: REG NO | B1: NAME | C1: FATHER'S NAME | D1: I. Name | E1: TOWN | F1: TOTAL | G1: J1 - HIFZ-1 | H1: J1 - TAJ -1 | I1: J1 - ISMU -1 | J1: J1 - MUTH -11 | K1: J1 - MUTH -12 | L1: J1 - MUTH -13 | M1: J1 - MUTH -14 | N1: J1 - MUTH -21 | O1: J1 - MUTH -22 | P1: J1 - MUTH -23 | Q1: J1 - MUTH -24 | R1: J2 - HIFZ-1 | S1: J2 - TAJ -1 | T1: J2 - ISMU -1 | U1: J2 - MUTH -11 | V1: J2 - MUTH -12 | W1: J2 - MUTH -13 | X1: J2 - MUTH -14 | Y1: J2 - MUTH -21 | Z1: J2 - MUTH -22 | AA1: J2 - MUTH -23 | AB1: J2 - MUTH -24 | AC1: J3 - HIFZ-1 | AD1: J3 - TAJ -1 | AE1: J3 - ISMU -1 | AF1: J3 - MUTH -11 | AG1: J3 - MUTH -12 | AH1: J3 - MUTH -13 | AI1: J3 - MUTH -14 | AJ1: J3 - MUTH -21 | AK1: J3 - MUTH -22 | AL1: J3 - MUTH -23 | AM1: J3 - MUTH -24 | AN1: TOTAL
A2: 1502 | B2: Abdul Muiz | C2: Seyed Muhyiddeen | D2: Madarasathul Azhar Li Thahfeezil Quranil Kareem | E2: Kayalpatnam | F2: 270.5 | G2: 22 | H2: 5 | I2: 5 | J2: 5.5 | K2: 5.5 | L2: 6.5 | M2: 6.5 | N2: 5.5 | O2: 7 | P2: 5 | Q2: 7.5 | R2: 25 | S2: 10 | T2: 5 | U2: 7.5 | V2: 7.5 | W2: 7.5 | X2: 7.5 | Y2: 7 | Z2: 7.5 | AA2: 6 | AB2: 7.5 | AC2: 23 | AD2: 7 | AE2: 5 | AF2: 6 | AG2: 7.5 | AH2: 6 | AI2: 7 | AJ2: 7.5 | AK2: 7.5 | AL2: 7.5 | AM2: 7.5 | AN2: 270.5
A3: 1504 | B3: Abdullah | C3: Jabbar Khan | D3: Ubay Ibn Ka'b Hifz Madarsa | E3: Dharmapuram | F3: 236 | G3: 20 | H3: 5 | I3: 3 | J3: 7.5 | K3: 7.5 | L3: 0 | M3: 0 | N3: 7.5 | O3: 7.5 | P3: 7.5 | Q3: 7.5 | R3: 23 | S3: 10 | T3: 5 | U3: 7.5 | V3: 7 | W3: 0 | X3: 0 | Y3: 7.5 | Z3: 7.5 | AA3: 7.5 | AB3: 7.5 | AC3: 23 | AD3: 9 | AE3: 5 | AF3: 7.5 | AG3: 0 | AH3: 7.5 | AI3: 7.5 | AJ3: 6 | AK3: 0 | AL3: 7.5 | AM3: 7.5 | AN3: 236
A4: 1521 | B4: Kifayathullah | C4: Abdul Gafoor | D4: Al Madharasathul Salahiyya Arabic College | E4: Adirampattinam | F4: 216 | G4: 24 | H4: 9 | I4: 5 | J4: 7.5 | K4: 6 | L4: 6 | M4: 0 | N4: 6 | O4: 0 | P4: 0 | Q4: 0 | R4: 20 | S4: 8 | T4: 4 | U4: 7.5 | V4: 7.5 | W4: 5 | X4: 0 | Y4: 7.5 | Z4: 7.5 | AA4: 4 | AB4: 0 | AC4: 25 | AD4: 9 | AE4: 5 | AF4: 7.5 | AG4: 7.5 | AH4: 7.5 | AI4: 0 | AJ4: 7.5 | AK4: 7.5 | AL4: 5 | AM4: 0 | AN4: 216
A5: 1541 | B5: Sofi | C5: Mohamed | D5: Madrasa E Imdadiya For The Blind | E5: Melvisharam | F5: 216 | G5: 20 | H5: 6 | I5: 5 | J5: 7.5 | K5: 7.5 | L5: 7.5 | M5: 0 | N5: 7.5 | O5: 7.5 | P5: 0 | Q5: 0 | R5: 25 | S5: 10 | T5: 5 | U5: 7.5 | V5: 7.5 | W5: 0 | X5: 7.5 | Y5: 7.5 | Z5: 7.5 | AA5: 0 | AB5: 0 | AC5: 22 | AD5: 8 | AE5: 5 | AF5: 7.5 | AG5: 0 | AH5: 7.5 | AI5: 0 | AJ5: 7.5 | AK5: 5 | AL5: 7.5 | AM5: 0 | AN5: 216
A6: 1506 | B6: Abdullah Mackie G.M | C6: Gani Muhammad M.A | D6: Madarasathul Azhar Li Thahfeezil Quranil Kareem | E6: Kayalpatnam | F6: 212.5 | G6: 23 | H6: 10 | I6: 5 | J6: 7.5 | K6: 7.5 | L6: 0 | M6: 0 | N6: 7.5 | O6: 7.5 | P6: 7 | Q6: 7 | R6: 22 | S6: 7 | T6: 5 | U6: 5 | V6: 0 | W6: 7.5 | X6: 0 | Y6: 7.5 | Z6: 0 | AA6: 7.5 | AB6: 7.5 | AC6: 20 | AD6: 5 | AE6: 3 | AF6: 7.5 | AG6: 6.5 | AH6: 0 | AI6: 0 | AJ6: 6.5 | AK6: 5.5 | AL6: 0 | AM6: 7.5 | AN6: 212.5
A7: 1542 | B7: Sufyan Bin Shamsuddeen | C7: Shamsuddeen | D7: Unity Public School | E7: Chennai | F7: 200.5 | G7: 20 | H7: 9 | I7: 5 | J7: 6.5 | K7: 0 | L7: 0 | M7: 0 | N7: 7.5 | O7: 7.5 | P7: 7.5 | Q7: 7.5 | R7: 20 | S7: 9 | T7: 5 | U7: 7.5 | V7: 0 | W7: 7.5 | X7: 5 | Y7: 0 | Z7: 0 | AA7: 2 | AB7: 7.5 | AC7: 20 | AD7: 9 | AE7: 3 | AF7: 7.5 | AG7: 0 | AH7: 0 | AI7: 0 | AJ7: 7.5 | AK7: 4.5 | AL7: 7.5 | AM7: 7.5 | AN7: 200.5
A8: 1516 | B8: Amanullah Hubaib I | C8: Imdadullah A | D8: Al Makthabathul Magudhoomiyya | E8: Kayalpatnam | F8: 136 | G8: 20 | H8: 8 | I8: 4 | J8: 7.5 | K8: 4.5 | L8: 0 | M8: 0 | N8: 0 | O8: 0 | P8: 0 | Q8: 0 | R8: 25 | S8: 10 | T8: 0 | U8: 7.5 | V8: 7 | W8: 0 | X8: 0 | Y8: 0 | Z8: 0 | AA8: 0 | AB8: 0 | AC8: 20 | AD8: 8 | AE8: 3 | AF8: 7.5 | AG8: 0 | AH8: 0 | AI8: 0 | AJ8: 4 | AK8: 0 | AL8: 0 | AM8: 0 | AN8: 136
A9: 1510 | B9: Abdus Samad | C9: Jafar Shaikh | D9: Jamia Noman-Bin Sabith | E9: Rahmath Nagar | F9: 90.5 | G9: 25 | H9: 10 | I9: 5 | J9: 0 | K9: 0 | L9: 0 | M9: 0 | N9: 0 | O9: 0 | P9: 0 | Q9: 0 | R9: 13 | S9: 4 | T9: 1 | U9: 2.5 | V9: 0 | W9: 0 | X9: 0 | Y9: 0 | Z9: 0 | AA9: 0 | AB9: 0 | AC9: 21 | AD9: 6 | AE9: 3 | AF9: 0 | AG9: 0 | AH9: 0 | AI9: 0 | AJ9: 0 | AK9: 0 | AL9: 0 | AM9: 0 | AN9: 90.5
A10: 1530 | B10: Mohammed Naufal M | C10: Mohammed Meeran A | D10: Madarashathull Hamidiyah | E10: Dindigul | F10: 71 | G10: 12 | H10: 4 | I10: 2 | J10: 0 | K10: 0 | L10: 0 | M10: 0 | N10: 0 | O10: 0 | P10: 0 | Q10: 0 | R10: 20 | S10: 8 | T10: 5 | U10: 5 | V10: 0 | W10: 0 | X10: 0 | Y10: 0 | Z10: 0 | AA10: 0 | AB10: 0 | AC10: 10 | AD10: 5 | AE10: 0 | AF10: 0 | AG10: 0 | AH10: 0 | AI10: 0 | AJ10: 0 | AK10: 0 | AL10: 0 | AM10: 0 | AN10: 71
A11: 1533 | B11: Mohammed Yusuf Thalha S.B | C11: Basheer Ahamed S.B | D11: Madrasathul Hidhaya | E11: Kumbakonam | F11: 61.5 | G11: 15 | H11: 9 | I11: 0 | J11: 0 | K11: 0 | L11: 0 | M11: 0 | N11: 0 | O11: 0 | P11: 0 | Q11: 0 | R11: 8 | S11: 4 | T11: 1 | U11: 5.5 | V11: 0 | W11: 0 | X11: 0 | Y11: 0 | Z11: 0 | AA11: 0 | AB11: 0 | AC11: 10 | AD11: 6 | AE11: 3 | AF11: 0 | AG11: 0 | AH11: 0 | AI11: 0 | AJ11: 0 | AK11: 0 | AL11: 0 | AM11: 0 | AN11: 61.5

Sheet BEST MAD
A1: INST. NO | B1: MARKS | C1: INSTITUTION | D1: TOWN | E1: DISTRICT | F1: STUDTS
A2: 72 | B2: 944 | C2: Madrasa E Imdadiya For The Blind | D2: Melvisharam | E2: Vellore | F2: 6
A3: 60 | B3: 936 | C3: Madarasathul Azhar Li Thahfeezil Quranil Kareem | D3: Kayalpatnam | E3: Thoothukudi | F3: 6
A4: 10 | B4: 891 | C4: Unity Public School | D4: Chennai | E4: Chennai | F4: 6
A5: 58 | B5: 681 | C5: L.K.Higher Secondary School | D5: Kayalpatnam | E5: Thoothukudi | F5: 4
A6: 23 | B6: 680 | C6: Ubay Ibn Ka'b Hifz Madarsa | D6: Dharmapuram | E6: Karaikal | F6: 5
A7: 71 | B7: 679 | C7: Jamia Darussalam Arabic College | D7: Oomerabad | E7: Tirupattur | F7: 5
A8: 64 | B8: 661 | C8: Wisdom Public School | D8: Veerapandianpattinam | E8: Thoothukudi | F8: 5
A9: 12 | B9: 615 | C9: Pristine Public School | D9: Coimbatore | E9: Coimbatore | F9: 5
A10: 38 | B10: 462 | C10: Madhrasa-E-Noorul Islam Arabic College | D10: Salem | E10: Salem | F10: 4
A11: 45 | B11: 460 | C11: Al Jamiyathul Islamiya | D11: Ayyampet | E11: Thanjavore | F11: 5
A12: 13 | B12: 454 | C12: Al Madrasathul Mahmoodiya | D12: Parangipettai | E12: Cuddalore | F12: 3
A13: 20 | B13: 448 | C13: Al Jamiathul Firdousiya Arabic College | D13: Nagercoil | E13: Kanyakumari | F13: 3
... A75: 35 | B75: 0 | C75: Syed Ibrahim Educational and Charitable Trust | D75: Pudukkotai | E75: Pudukottai | F75: 1

Sheet JuzuSelection
A1: (1-5) myp/g; yhk; kPk; (آلم) Kjy; ty;K`;]dhj;J (وَٱلْمُحْصَنَاتُ) tiu
A2: (26-30) `hkPk; (حم) Kjy; mk;k (عَمَّ) tiu
A3: (26-30) `hkPk; (حم) Kjy; mk;k (عَمَّ) tiu> (1-10) myp/g; yhk; kPk; (آلم) Kjy; t/yK (وَٱعْلَمُواْ) tiu
A4: (1-15) myp/g; yhk; kPk; (آلم) Kjy; ]{g;`hdy;yjP (سُبْحَانَ ٱلَّذِى) tiu
A5: (16-30) fhy myk; (قَالَ أَلَمْ) Kjy; mk;k (عَمَّ) tiu
